Game ID,Round,Team,Player Name,athleteId,athleteSourceId,position,starter,ejected,minutes,points,turnovers,fouls,assists,steals,blocks,gameScore,offensiveRating,defensiveRating,netRating,usage,effectiveFieldGoalPct,trueShootingPct,assistsTurnoverRatio,freeThrowRate,offensiveReboundPct,fieldGoals,twoPointFieldGoals,threePointFieldGoals,freeThrows,rebounds
372511,NCAA Men's Basketball Championship - Midwest Region - First Four,UMBC,Jose Roberto Tanchyn,5067172,5182581,F,True,False,21,7,0,3,3,1,0,8.1,143.8,120.5,23.3,14.8,70.0,59.5,,40.0,40.0,"{'made': 3, 'attempted': 5, 'pct': 60}","{'made': 2, 'attempted': 3, 'pct': 66.7}","{'made': 1, 'attempted': 2, 'pct': 50}","{'made': 0, 'attempted': 2, 'pct': 0}","{'offensive': 2, 'defensive': 3, 'total': 5}"
372511,NCAA Men's Basketball Championship - Midwest Region - First Four,UMBC,Josh Odunowo,5067173,4702976,F,True,False,21,2,1,4,1,0,1,1.3,89.6,121.6,-32.0,7.3,0.0,53.2,1.0,200.0,0.0,"{'made': 0, 'attempted': 1, 'pct': 0}","{'made': 0, 'attempted': 1, 'pct': 0}","{'made': 0, 'attempted': 0, 'pct': 0}","{'made': 2, 'attempted': 2, 'pct': 100}","{'offensive': 0, 'defensive': 4, 'total': 4}"
372511,NCAA Men's Basketball Championship - Midwest Region - First Four,UMBC,Jah'Likai King,5067174,5313186,G,True,False,33,19,4,2,2,0,1,8.8,96.3,128.9,-32.6,33.3,53.3,56.7,0.5,26.7,0.0,"{'made': 7, 'attempted': 15, 'pct': 46.7}","{'made': 5, 'attempted': 10, 'pct': 50}","{'made': 2, 'attempted': 5, 'pct': 40}","{'made': 3, 'attempted': 4, 'pct': 75}","{'offensive': 0, 'defensive': 2, 'total': 2}"
372511,NCAA Men's Basketball Championship - Midwest Region - First Four,UMBC,DJ Armstrong Jr.,5067175,5252505,ATH,True,False,36,17,0,3,0,1,0,12.5,133.6,122.3,11.3,19.4,59.1,64.4,,45.5,0.0,"{'made': 5, 'attempted': 11, 'pct': 45.5}","{'made': 2, 'attempted': 3, 'pct': 66.7}","{'made': 3, 'attempted': 8, 'pct': 37.5}","{'made': 4, 'attempted': 5, 'pct': 80}","{'offensive': 0, 'defensive': 6, 'total': 6}"
372511,NCAA Men's Basketball Championship - Midwest Region - First Four,UMBC,Ace Valentine,5067176,5174860,G,True,False,36,11,1,2,2,2,0,10.1,134.7,122.5,12.2,12.9,66.7,70.9,2.0,66.7,0.0,"{'made': 3, 'attempted': 6, 'pct': 50}","{'made': 1, 'attempted': 2, 'pct': 50}","{'made': 2, 'attempted': 4, 'pct': 50}","{'made': 3, 'attempted': 4, 'pct': 75}","{'offensive': 0, 'defensive': 3, 'total': 3}"
372511,NCAA Men's Basketball Championship - Midwest Region - First Four,UMBC,Riley Jacobs,5067177,5313189,F,False,False,7,3,0,1,1,0,0,3.0,,,,,50.0,61.5,,50.0,100.0,"{'made': 1, 'attempted': 2, 'pct': 50}","{'made': 1, 'attempted': 2, 'pct': 50}","{'made': 0, 'attempted': 0, 'pct': 0}","{'made': 1, 'attempted': 1, 'pct': 100}","{'offensive': 1, 'defensive': 0, 'total': 1}"
372511,NCAA Men's Basketball Championship - Midwest Region - First Four,UMBC,Paul Greene,5067178,5313187,F,False,False,1,0,0,1,0,0,0,-0.1,,,,,,,,,0.0,"{'made': 0, 'attempted': 0, 'pct': 0}","{'made': 0, 'attempted': 0, 'pct': 0}","{'made': 0, 'attempted': 0, 'pct': 0}","{'made': 0, 'attempted': 0, 'pct': 0}","{'offensive': 0, 'defensive': 1, 'total': 1}"
372511,NCAA Men's Basketball Championship - Midwest Region - First Four,UMBC,Caden Diggs,5067179,5196866,F,False,False,31,15,3,3,1,2,0,11.0,103.0,117.8,-14.8,27.7,54.5,56.8,0.3,45.5,37.5,"{'made': 6, 'attempted': 11, 'pct': 54.5}","{'made': 6, 'attempted': 9, 'pct': 66.7}","{'made': 0, 'attempted': 2, 'pct': 0}","{'made': 3, 'attempted': 5, 'pct': 60}","{'offensive': 3, 'defensive': 5, 'total': 8}"
372511,NCAA Men's Basketball Championship - Midwest Region - First Four,UMBC,Cougar Downing,5067180,5177355,G,False,False,14,9,0,1,1,0,0,7.6,165.3,127.0,38.3,20.6,90.0,82.7,,20.0,0.0,"{'made': 4, 'attempted': 5, 'pct': 80}","{'made': 3, 'attempted': 4, 'pct': 75}","{'made': 1, 'attempted': 1, 'pct': 100}","{'made': 0, 'attempted': 1, 'pct': 0}","{'offensive': 0, 'defensive': 2, 'total': 2}"
372511,NCAA Men's Basketball Championship - Midwest Region - First Four,Howard,Cedric Taylor III,5067187,5192142,G,True,False,31,16,3,5,1,0,0,8.1,108.3,120.5,-12.2,28.1,35.0,55.6,0.3,100.0,33.3,"{'made': 3, 'attempted': 10, 'pct': 30}","{'made': 2, 'attempted': 5, 'pct': 40}","{'made': 1, 'attempted': 5, 'pct': 20}","{'made': 9, 'attempted': 10, 'pct': 90}","{'offensive': 2, 'defensive': 4, 'total': 6}"
372511,NCAA Men's Basketball Championship - Midwest Region - First Four,Howard,Cam Gillus,5067188,5176075,G,True,False,38,8,1,1,7,0,0,7.2,108.8,122.0,-13.2,14.3,44.4,40.5,7.0,22.2,0.0,"{'made': 4, 'attempted': 9, 'pct': 44.4}","{'made': 4, 'attempted': 7, 'pct': 57.1}","{'made': 0, 'attempted': 2, 'pct': 0}","{'made': 0, 'attempted': 2, 'pct': 0}","{'offensive': 0, 'defensive': 4, 'total': 4}"
372511,NCAA Men's Basketball Championship - Midwest Region - First Four,Howard,Alex Cotton,5067189,5175065,G,True,False,36,8,0,3,0,2,1,7.7,136.2,112.7,23.5,9.6,50.0,58.1,,33.3,25.0,"{'made': 2, 'attempted': 6, 'pct': 33.3}","{'made': 0, 'attempted': 1, 'pct': 0}","{'made': 2, 'attempted': 5, 'pct': 40}","{'made': 2, 'attempted': 2, 'pct': 100}","{'offensive': 1, 'defensive': 3, 'total': 4}"
372511,NCAA Men's Basketball Championship - Midwest Region - First Four,Howard,Ose Okojie,5067190,5107986,G,True,False,34,23,1,4,0,0,0,15.0,132.1,122.4,9.7,26.8,70.0,66.9,0.0,33.3,60.0,"{'made': 9, 'attempted': 15, 'pct': 60}","{'made': 6, 'attempted': 12, 'pct': 50}","{'made': 3, 'attempted': 3, 'pct': 100}","{'made': 2, 'attempted': 5, 'pct': 40}","{'offensive': 3, 'defensive': 2, 'total': 5}"
372511,NCAA Men's Basketball Championship - Midwest Region - First Four,Howard,Bryce Harris,5067191,4897768,G,True,False,36,19,1,3,5,1,0,21.1,153.9,114.2,39.7,20.5,62.5,69.0,5.0,33.3,28.6,"{'made': 6, 'attempted': 12, 'pct': 50}","{'made': 3, 'attempted': 8, 'pct': 37.5}","{'made': 3, 'attempted': 4, 'pct': 75}","{'made': 4, 'attempted': 4, 'pct': 100}","{'offensive': 4, 'defensive': 10, 'total': 14}"
372511,NCAA Men's Basketball Championship - Midwest Region - First Four,Howard,Travelle Bryson,5067192,5316220,F,False,False,10,11,0,3,1,0,0,8.9,158.1,118.0,40.1,35.0,78.6,78.6,,0.0,33.3,"{'made': 5, 'attempted': 7, 'pct': 71.4}","{'made': 4, 'attempted': 5, 'pct': 80}","{'made': 1, 'attempted': 2, 'pct': 50}","{'made': 0, 'attempted': 0, 'pct': 0}","{'offensive': 1, 'defensive': 2, 'total': 3}"
372511,NCAA Men's Basketball Championship - Midwest Region - First Four,Howard,Calvin Robins Jr.,5067193,5250600,F,False,False,5,0,0,1,0,0,0,-0.4,,,,,,,,,,"{'made': 0, 'attempted': 0, 'pct': 0}","{'made': 0, 'attempted': 0, 'pct': 0}","{'made': 0, 'attempted': 0, 'pct': 0}","{'made': 0, 'attempted': 0, 'pct': 0}","{'offensive': 0, 'defensive': 0, 'total': 0}"
372511,NCAA Men's Basketball Championship - Midwest Region - First Four,Howard,Danas Kazakevicius,5067194,5316219,C,False,False,4,0,1,0,0,0,0,-1.7,,,,,0.0,0.0,0.0,0.0,,"{'made': 0, 'attempted': 1, 'pct': 0}","{'made': 0, 'attempted': 1, 'pct': 0}","{'made': 0, 'attempted': 0, 'pct': 0}","{'made': 0, 'attempted': 0, 'pct': 0}","{'offensive': 0, 'defensive': 0, 'total': 0}"
372511,NCAA Men's Basketball Championship - Midwest Region - First Four,Howard,Isaiah Brown,5067195,5243100,G,False,False,6,1,1,0,0,0,0,-0.8,,,,,0.0,26.6,0.0,200.0,0.0,"{'made': 0, 'attempted': 1, 'pct': 0}","{'made': 0, 'attempted': 1, 'pct': 0}","{'made': 0, 'attempted': 0, 'pct': 0}","{'made': 1, 'attempted': 2, 'pct': 50}","{'offensive': 0, 'defensive': 1, 'total': 1}"
372510,NCAA Men's Basketball Championship - West Region - First Four,NC State,Darrion Williams,5067400,4937074,F,True,False,39,21,2,0,1,0,1,11.9,102.5,108.6,-6.1,29.0,52.8,55.6,0.5,11.1,0.0,"{'made': 8, 'attempted': 18, 'pct': 44.4}","{'made': 5, 'attempted': 12, 'pct': 41.7}","{'made': 3, 'attempted': 6, 'pct': 50}","{'made': 2, 'attempted': 2, 'pct': 100}","{'offensive': 0, 'defensive': 3, 'total': 3}"
372510,NCAA Men's Basketball Championship - West Region - First Four,NC State,Ven-Allen Lubin,5067401,4684799,F,True,False,23,6,0,5,1,0,0,3.2,103.4,102.4,1.0,16.2,33.3,43.6,,33.3,20.0,"{'made': 2, 'attempted': 6, 'pct': 33.3}","{'made': 2, 'attempted': 6, 'pct': 33.3}","{'made': 0, 'attempted': 0, 'pct': 0}","{'made': 2, 'attempted': 2, 'pct': 100}","{'offensive': 1, 'defensive': 4, 'total': 5}"
372510,NCAA Men's Basketball Championship - West Region - First Four,NC State,Tre Holloman,5067402,5105816,G,True,False,25,8,2,3,4,2,1,8.1,106.5,97.1,9.4,19.7,25.0,56.5,2.0,175.0,0.0,"{'made': 1, 'attempted': 4, 'pct': 25}","{'made': 1, 'attempted': 2, 'pct': 50}","{'made': 0, 'attempted': 2, 'pct': 0}","{'made': 6, 'attempted': 7, 'pct': 85.7}","{'offensive': 0, 'defensive': 2, 'total': 2}"
372510,NCAA Men's Basketball Championship - West Region - First Four,NC State,Paul McNeil Jr.,5067403,4873151,G,True,False,32,11,0,1,0,0,0,4.8,101.6,112.3,-10.7,18.6,50.0,50.0,,0.0,0.0,"{'made': 4, 'attempted': 11, 'pct': 36.4}","{'made': 1, 'attempted': 3, 'pct': 33.3}","{'made': 3, 'attempted': 8, 'pct': 37.5}","{'made': 0, 'attempted': 0, 'pct': 0}","{'offensive': 0, 'defensive': 1, 'total': 1}"
372510,NCAA Men's Basketball Championship - West Region - First Four,NC State,Quadir Copeland,5067404,4683860,G,True,False,35,16,3,2,3,4,0,11.9,85.8,85.3,0.5,31.4,43.8,46.2,1.0,18.8,0.0,"{'made': 7, 'attempted': 16, 'pct': 43.8}","{'made': 7, 'attempted': 16, 'pct': 43.8}","{'made': 0, 'attempted': 0, 'pct': 0}","{'made': 2, 'attempted': 3, 'pct': 66.7}","{'offensive': 0, 'defensive': 8, 'total': 8}"
372510,NCAA Men's Basketball Championship - West Region - First Four,NC State,Musa Sagnia,5067405,5311995,F,False,False,10,0,0,5,0,0,2,0.0,,91.6,,0.0,,,,,0.0,"{'made': 0, 'attempted': 0, 'pct': 0}","{'made': 0, 'attempted': 0, 'pct': 0}","{'made': 0, 'attempted': 0, 'pct': 0}","{'made': 0, 'attempted': 0, 'pct': 0}","{'offensive': 0, 'defensive': 2, 'total': 2}"
372510,NCAA Men's Basketball Championship - West Region - First Four,NC State,Scottie Ebube,5067406,4897482,C,False,False,4,0,0,2,0,0,0,-0.5,,,,,,,,,0.0,"{'made': 0, 'attempted': 0, 'pct': 0}","{'made': 0, 'attempted': 0, 'pct': 0}","{'made': 0, 'attempted': 0, 'pct': 0}","{'made': 0, 'attempted': 0, 'pct': 0}","{'offensive': 0, 'defensive': 1, 'total': 1}"
372510,NCAA Men's Basketball Championship - West Region - First Four,NC State,Matt Able,5067407,5196877,G,False,False,25,4,0,3,0,2,1,4.3,97.2,97.1,0.1,10.3,33.3,42.0,,133.3,33.3,"{'made': 1, 'attempted': 3, 'pct': 33.3}","{'made': 1, 'attempted': 3, 'pct': 33.3}","{'made': 0, 'attempted': 0, 'pct': 0}","{'made': 2, 'attempted': 4, 'pct': 50}","{'offensive': 1, 'defensive': 2, 'total': 3}"
372510,NCAA Men's Basketball Championship - West Region - First Four,NC State,Terrance Arceneaux,5067408,5106059,G,False,False,7,0,0,1,1,0,0,-0.4,,,,,0.0,0.0,,0.0,,"{'made': 0, 'attempted': 1, 'pct': 0}","{'made': 0, 'attempted': 1, 'pct': 0}","{'made': 0, 'attempted': 0, 'pct': 0}","{'made': 0, 'attempted': 0, 'pct': 0}","{'offensive': 0, 'defensive': 0, 'total': 0}"
372510,NCAA Men's Basketball Championship - West Region - First Four,Texas,Camden Heide,5067385,5105855,F,True,False,14,3,0,4,1,0,1,2.8,177.0,101.4,75.6,7.0,75.0,75.0,,0.0,50.0,"{'made': 1, 'attempted': 2, 'pct': 50}","{'made': 0, 'attempted': 0, 'pct': 0}","{'made': 1, 'attempted': 2, 'pct': 50}","{'made': 0, 'attempted': 0, 'pct': 0}","{'offensive': 1, 'defensive': 1, 'total': 2}"
372510,NCAA Men's Basketball Championship - West Region - First Four,Texas,Matas Vokietaitis,5067386,5239838,C,True,False,26,15,2,5,0,0,1,7.6,97.2,101.3,-4.1,34.4,36.4,46.1,0.0,109.1,50.0,"{'made': 4, 'attempted': 11, 'pct': 36.4}","{'made': 4, 'attempted': 11, 'pct': 36.4}","{'made': 0, 'attempted': 0, 'pct': 0}","{'made': 7, 'attempted': 12, 'pct': 58.3}","{'offensive': 4, 'defensive': 4, 'total': 8}"
372510,NCAA Men's Basketball Championship - West Region - First Four,Texas,Jordan Pope,5067387,5105624,G,True,False,37,5,2,1,2,1,0,0.5,67.0,105.6,-38.6,13.2,31.3,31.3,1.0,0.0,0.0,"{'made': 2, 'attempted': 8, 'pct': 25}","{'made': 1, 'attempted': 3, 'pct': 33.3}","{'made': 1, 'attempted': 5, 'pct': 20}","{'made': 0, 'attempted': 0, 'pct': 0}","{'offensive': 0, 'defensive': 1, 'total': 1}"
372510,NCAA Men's Basketball Championship - West Region - First Four,Texas,Dailyn Swain,5067388,4848625,G,True,False,38,13,5,2,4,2,1,10.0,91.5,95.6,-4.1,23.1,27.8,50.2,0.8,100.0,25.0,"{'made': 2, 'attempted': 9, 'pct': 22.2}","{'made': 1, 'attempted': 6, 'pct': 16.7}","{'made': 1, 'attempted': 3, 'pct': 33.3}","{'made': 8, 'attempted': 9, 'pct': 88.9}","{'offensive': 2, 'defensive': 6, 'total': 8}"
372510,NCAA Men's Basketball Championship - West Region - First Four,Texas,Tramon Mark,5067389,4432243,G,True,False,33,17,1,2,2,2,2,14.1,121.4,92.2,29.2,23.5,57.1,57.1,2.0,14.3,0.0,"{'made': 7, 'attempted': 14, 'pct': 50}","{'made': 5, 'attempted': 9, 'pct': 55.6}","{'made': 2, 'attempted': 5, 'pct': 40}","{'made': 1, 'attempted': 2, 'pct': 50}","{'offensive': 0, 'defensive': 5, 'total': 5}"
372510,NCAA Men's Basketball Championship - West Region - First Four,Texas,Nic Codie,5067390,5149083,F,False,False,14,2,0,0,0,0,0,1.3,74.6,107.6,-33.0,14.0,25.0,25.0,,0.0,66.7,"{'made': 1, 'attempted': 4, 'pct': 25}","{'made': 1, 'attempted': 4, 'pct': 25}","{'made': 0, 'attempted': 0, 'pct': 0}","{'made': 0, 'attempted': 0, 'pct': 0}","{'offensive': 2, 'defensive': 1, 'total': 3}"
372510,NCAA Men's Basketball Championship - West Region - First Four,Texas,Chendall Weaver,5067391,5105486,G,False,False,27,11,0,1,1,2,0,15.2,166.8,92.6,74.2,13.8,60.0,72.0,,120.0,40.0,"{'made': 3, 'attempted': 5, 'pct': 60}","{'made': 3, 'attempted': 5, 'pct': 60}","{'made': 0, 'attempted': 0, 'pct': 0}","{'made': 5, 'attempted': 6, 'pct': 83.3}","{'offensive': 4, 'defensive': 6, 'total': 10}"
372510,NCAA Men's Basketball Championship - West Region - First Four,Texas,Simeon Wilcher,5067392,4683785,G,False,False,11,2,2,1,0,0,0,-2.5,36.8,106.7,-69.9,26.7,25.0,25.0,0.0,0.0,0.0,"{'made': 1, 'attempted': 4, 'pct': 25}","{'made': 1, 'attempted': 2, 'pct': 50}","{'made': 0, 'attempted': 2, 'pct': 0}","{'made': 0, 'attempted': 0, 'pct': 0}","{'offensive': 0, 'defensive': 1, 'total': 1}"
372513,NCAA Men's Basketball Championship - South Region - First Four,Lehigh,Hank Alvey,5068712,5243042,F,True,False,36,23,6,3,3,0,0,17.7,106.8,103.2,3.6,33.4,61.5,64.5,0.5,84.6,46.7,"{'made': 8, 'attempted': 13, 'pct': 61.5}","{'made': 8, 'attempted': 13, 'pct': 61.5}","{'made': 0, 'attempted': 0, 'pct': 0}","{'made': 7, 'attempted': 11, 'pct': 63.6}","{'offensive': 7, 'defensive': 8, 'total': 15}"
372513,NCAA Men's Basketball Championship - South Region - First Four,Lehigh,Edouard Benoit,5068713,5243039,F,True,False,36,8,1,4,2,0,0,2.9,92.2,106.5,-14.3,15.4,40.0,40.0,2.0,0.0,20.0,"{'made': 3, 'attempted': 10, 'pct': 30}","{'made': 1, 'attempted': 5, 'pct': 20}","{'made': 2, 'attempted': 5, 'pct': 40}","{'made': 0, 'attempted': 0, 'pct': 0}","{'offensive': 1, 'defensive': 4, 'total': 5}"
372513,NCAA Men's Basketball Championship - South Region - First Four,Lehigh,Jalen Vazquez,5068714,5314506,G,True,False,25,2,2,0,2,3,0,4.9,65.6,88.6,-23.0,8.1,50.0,50.0,1.0,0.0,0.0,"{'made': 1, 'attempted': 2, 'pct': 50}","{'made': 1, 'attempted': 1, 'pct': 100}","{'made': 0, 'attempted': 1, 'pct': 0}","{'made': 0, 'attempted': 0, 'pct': 0}","{'offensive': 0, 'defensive': 5, 'total': 5}"
372513,NCAA Men's Basketball Championship - South Region - First Four,Lehigh,Joshua Ingram,5068715,5176077,G,True,False,39,7,2,2,2,0,1,5.6,90.0,105.8,-15.8,12.9,43.8,43.8,1.0,0.0,57.1,"{'made': 3, 'attempted': 8, 'pct': 37.5}","{'made': 2, 'attempted': 4, 'pct': 50}","{'made': 1, 'attempted': 4, 'pct': 25}","{'made': 0, 'attempted': 0, 'pct': 0}","{'offensive': 4, 'defensive': 3, 'total': 7}"
372513,NCAA Men's Basketball Championship - South Region - First Four,Lehigh,Nasir Whitlock,5068716,5176076,G,True,False,36,5,3,2,2,2,0,-4.6,39.6,100.4,-60.8,25.8,16.7,16.2,0.7,6.7,0.0,"{'made': 2, 'attempted': 15, 'pct': 13.3}","{'made': 1, 'attempted': 8, 'pct': 12.5}","{'made': 1, 'attempted': 7, 'pct': 14.3}","{'made': 0, 'attempted': 1, 'pct': 0}","{'offensive': 0, 'defensive': 3, 'total': 3}"
372513,NCAA Men's Basketball Championship - South Region - First Four,Lehigh,Alfredo Addesa,5068717,5243040,F,False,False,4,2,1,0,0,0,0,0.7,,,,,100.0,100.0,0.0,0.0,,"{'made': 1, 'attempted': 1, 'pct': 100}","{'made': 1, 'attempted': 1, 'pct': 100}","{'made': 0, 'attempted': 0, 'pct': 0}","{'made': 0, 'attempted': 0, 'pct': 0}","{'offensive': 0, 'defensive': 0, 'total': 0}"
372513,NCAA Men's Basketball Championship - South Region - First Four,Lehigh,Jake Pike,5068718,5176078,F,False,False,0,0,0,0,0,0,0,0.0,,,,,,,,,,"{'made': 0, 'attempted': 0, 'pct': 0}","{'made': 0, 'attempted': 0, 'pct': 0}","{'made': 0, 'attempted': 0, 'pct': 0}","{'made': 0, 'attempted': 0, 'pct': 0}","{'offensive': 0, 'defensive': 0, 'total': 0}"
372513,NCAA Men's Basketball Championship - South Region - First Four,Lehigh,Tommy Conniff,5068719,5105685,C,False,False,0,0,0,0,0,0,0,0.3,,,,,,,,,0.0,"{'made': 0, 'attempted': 0, 'pct': 0}","{'made': 0, 'attempted': 0, 'pct': 0}","{'made': 0, 'attempted': 0, 'pct': 0}","{'made': 0, 'attempted': 0, 'pct': 0}","{'offensive': 0, 'defensive': 1, 'total': 1}"
372513,NCAA Men's Basketball Championship - South Region - First Four,Lehigh,Henri Adiassa,5068720,5105684,C,False,False,0,0,0,0,0,0,0,0.0,,,,,,,,,,"{'made': 0, 'attempted': 0, 'pct': 0}","{'made': 0, 'attempted': 0, 'pct': 0}","{'made': 0, 'attempted': 0, 'pct': 0}","{'made': 0, 'attempted': 0, 'pct': 0}","{'offensive': 0, 'defensive': 0, 'total': 0}"
372513,NCAA Men's Basketball Championship - South Region - First Four,Lehigh,Caleb Thomas,5068721,5314505,G,False,False,0,0,0,0,0,0,0,0.0,,,,,,,,,,"{'made': 0, 'attempted': 0, 'pct': 0}","{'made': 0, 'attempted': 0, 'pct': 0}","{'made': 0, 'attempted': 0, 'pct': 0}","{'made': 0, 'attempted': 0, 'pct': 0}","{'offensive': 0, 'defensive': 0, 'total': 0}"
372513,NCAA Men's Basketball Championship - South Region - First Four,Lehigh,Andrew Urosevic,5068722,5314503,G,False,False,19,8,0,0,0,0,0,3.2,102.1,108.5,-6.4,23.9,44.4,44.4,,0.0,0.0,"{'made': 3, 'attempted': 9, 'pct': 33.3}","{'made': 1, 'attempted': 2, 'pct': 50}","{'made': 2, 'attempted': 7, 'pct': 28.6}","{'made': 0, 'attempted': 0, 'pct': 0}","{'offensive': 0, 'defensive': 1, 'total': 1}"
372513,NCAA Men's Basketball Championship - South Region - First Four,Lehigh,Peter Kramer,5068723,5243041,G,False,False,5,0,0,0,0,0,0,0.0,,,,,,,,,,"{'made': 0, 'attempted': 0, 'pct': 0}","{'made': 0, 'attempted': 0, 'pct': 0}","{'made': 0, 'attempted': 0, 'pct': 0}","{'made': 0, 'attempted': 0, 'pct': 0}","{'offensive': 0, 'defensive': 0, 'total': 0}"
372513,NCAA Men's Basketball Championship - South Region - First Four,Lehigh,Brendan Reed,5068724,5105682,G,False,False,0,0,0,0,0,0,0,0.0,,,,,,,,,,"{'made': 0, 'attempted': 0, 'pct': 0}","{'made': 0, 'attempted': 0, 'pct': 0}","{'made': 0, 'attempted': 0, 'pct': 0}","{'made': 0, 'attempted': 0, 'pct': 0}","{'offensive': 0, 'defensive': 0, 'total': 0}"
372513,NCAA Men's Basketball Championship - South Region - First Four,Prairie View A&M,Cory Wells,5068697,4904928,F,True,False,40,19,2,3,0,3,3,16.8,109.0,70.6,38.4,26.2,46.4,57.1,0.0,42.9,0.0,"{'made': 6, 'attempted': 14, 'pct': 42.9}","{'made': 5, 'attempted': 10, 'pct': 50}","{'made': 1, 'attempted': 4, 'pct': 25}","{'made': 6, 'attempted': 6, 'pct': 100}","{'offensive': 0, 'defensive': 11, 'total': 11}"
372513,NCAA Men's Basketball Championship - South Region - First Four,Prairie View A&M,Corey Dunning,5068698,4904924,F,True,False,21,0,0,2,2,1,0,1.9,,92.2,,0.0,,,,,0.0,"{'made': 0, 'attempted': 0, 'pct': 0}","{'made': 0, 'attempted': 0, 'pct': 0}","{'made': 0, 'attempted': 0, 'pct': 0}","{'made': 0, 'attempted': 0, 'pct': 0}","{'offensive': 0, 'defensive': 1, 'total': 1}"
372513,NCAA Men's Basketball Championship - South Region - First Four,Prairie View A&M,Elijah Mitchell,5068699,5314805,G,True,False,31,0,0,2,2,1,0,0.5,50.6,95.6,-45.0,3.6,0.0,0.0,,0.0,0.0,"{'made': 0, 'attempted': 2, 'pct': 0}","{'made': 0, 'attempted': 2, 'pct': 0}","{'made': 0, 'attempted': 0, 'pct': 0}","{'made': 0, 'attempted': 0, 'pct': 0}","{'offensive': 0, 'defensive': 1, 'total': 1}"
372513,NCAA Men's Basketball Championship - South Region - First Four,Prairie View A&M,Dontae Horne,5068700,5176727,G,True,False,40,25,4,1,0,4,1,16.4,96.7,76.5,20.2,37.7,52.3,54.6,0.0,9.1,0.0,"{'made': 11, 'attempted': 22, 'pct': 50}","{'made': 10, 'attempted': 19, 'pct': 52.6}","{'made': 1, 'attempted': 3, 'pct': 33.3}","{'made': 2, 'attempted': 2, 'pct': 100}","{'offensive': 0, 'defensive': 7, 'total': 7}"
372513,NCAA Men's Basketball Championship - South Region - First Four,Prairie View A&M,Lance Williams,5068701,4904931,G,True,False,40,10,1,1,1,2,2,9.3,102.0,88.6,13.4,15.4,50.0,50.0,1.0,0.0,25.0,"{'made': 5, 'attempted': 10, 'pct': 50}","{'made': 5, 'attempted': 9, 'pct': 55.6}","{'made': 0, 'attempted': 1, 'pct': 0}","{'made': 0, 'attempted': 0, 'pct': 0}","{'offensive': 1, 'defensive': 3, 'total': 4}"
372513,NCAA Men's Basketball Championship - South Region - First Four,Prairie View A&M,Keeshawn Mason,5068702,5247621,ATH,False,False,2,0,0,0,0,0,0,0.0,,,,,0.0,0.0,,0.0,100.0,"{'made': 0, 'attempted': 1, 'pct': 0}","{'made': 0, 'attempted': 1, 'pct': 0}","{'made': 0, 'attempted': 0, 'pct': 0}","{'made': 0, 'attempted': 0, 'pct': 0}","{'offensive': 1, 'defensive': 0, 'total': 1}"
372513,NCAA Men's Basketball Championship - South Region - First Four,Prairie View A&M,Hassane Diallo,5068703,5190922,F,False,False,17,8,0,1,0,1,3,12.7,159.2,74.8,84.4,19.0,75.0,69.4,,100.0,62.5,"{'made': 3, 'attempted': 4, 'pct': 75}","{'made': 3, 'attempted': 4, 'pct': 75}","{'made': 0, 'attempted': 0, 'pct': 0}","{'made': 2, 'attempted': 4, 'pct': 50}","{'offensive': 5, 'defensive': 3, 'total': 8}"
372513,NCAA Men's Basketball Championship - South Region - First Four,Prairie View A&M,Jannoy Thomas,5068704,5314804,G,False,False,0,0,0,0,0,0,0,0.0,,,,,,,,,,"{'made': 0, 'attempted': 0, 'pct': 0}","{'made': 0, 'attempted': 0, 'pct': 0}","{'made': 0, 'attempted': 0, 'pct': 0}","{'made': 0, 'attempted': 0, 'pct': 0}","{'offensive': 0, 'defensive': 0, 'total': 0}"
372513,NCAA Men's Basketball Championship - South Region - First Four,Prairie View A&M,Joey Madimba,5068705,4705371,G,False,False,1,0,0,1,0,0,0,-0.4,,,,,,,,,,"{'made': 0, 'attempted': 0, 'pct': 0}","{'made': 0, 'attempted': 0, 'pct': 0}","{'made': 0, 'attempted': 0, 'pct': 0}","{'made': 0, 'attempted': 0, 'pct': 0}","{'offensive': 0, 'defensive': 0, 'total': 0}"
372513,NCAA Men's Basketball Championship - South Region - First Four,Prairie View A&M,Tai'Reon Joseph,5068706,4703215,G,False,False,8,5,2,0,0,0,0,1.3,81.3,94.7,-13.4,42.1,62.5,62.5,0.0,0.0,0.0,"{'made': 2, 'attempted': 4, 'pct': 50}","{'made': 1, 'attempted': 3, 'pct': 33.3}","{'made': 1, 'attempted': 1, 'pct': 100}","{'made': 0, 'attempted': 0, 'pct': 0}","{'offensive': 0, 'defensive': 1, 'total': 1}"
372512,NCAA Men's Basketball Championship - Midwest Region - First Four,SMU,Corey Washington,5068835,5110039,F,True,False,36,13,0,3,3,0,0,10.6,135.8,139.3,-3.5,17.1,37.5,54.3,,112.5,20.0,"{'made': 3, 'attempted': 8, 'pct': 37.5}","{'made': 3, 'attempted': 5, 'pct': 60}","{'made': 0, 'attempted': 3, 'pct': 0}","{'made': 7, 'attempted': 9, 'pct': 77.8}","{'offensive': 1, 'defensive': 4, 'total': 5}"
372512,NCAA Men's Basketball Championship - Midwest Region - First Four,SMU,Samet Yigitoglu,5068836,5238184,C,True,False,27,8,0,5,0,0,0,6.7,169.3,136.5,32.8,9.5,80.0,80.0,,0.0,33.3,"{'made': 4, 'attempted': 5, 'pct': 80}","{'made': 4, 'attempted': 5, 'pct': 80}","{'made': 0, 'attempted': 0, 'pct': 0}","{'made': 0, 'attempted': 0, 'pct': 0}","{'offensive': 2, 'defensive': 4, 'total': 6}"
372512,NCAA Men's Basketball Championship - Midwest Region - First Four,SMU,Jaden Toombs,5068837,5101840,C,True,False,35,20,2,2,1,1,0,19.6,150.5,128.7,21.8,20.3,80.0,85.0,0.5,40.0,27.3,"{'made': 8, 'attempted': 10, 'pct': 80}","{'made': 8, 'attempted': 10, 'pct': 80}","{'made': 0, 'attempted': 0, 'pct': 0}","{'made': 4, 'attempted': 4, 'pct': 100}","{'offensive': 3, 'defensive': 8, 'total': 11}"
372512,NCAA Men's Basketball Championship - Midwest Region - First Four,SMU,Boopie Miller,5068838,4898283,G,True,False,39,15,1,2,5,0,0,7.5,105.2,145.8,-40.6,24.4,44.1,43.0,5.0,5.9,100.0,"{'made': 6, 'attempted': 17, 'pct': 35.3}","{'made': 3, 'attempted': 11, 'pct': 27.3}","{'made': 3, 'attempted': 6, 'pct': 50}","{'made': 0, 'attempted': 1, 'pct': 0}","{'offensive': 1, 'defensive': 0, 'total': 1}"
372512,NCAA Men's Basketball Championship - Midwest Region - First Four,SMU,Jaron Pierre Jr.,5068839,4703115,G,True,False,39,18,1,2,4,3,0,15.2,120.8,128.8,-8.0,23.1,53.1,54.7,4.0,6.3,0.0,"{'made': 8, 'attempted': 16, 'pct': 50}","{'made': 7, 'attempted': 9, 'pct': 77.8}","{'made': 1, 'attempted': 7, 'pct': 14.3}","{'made': 1, 'attempted': 1, 'pct': 100}","{'offensive': 0, 'defensive': 4, 'total': 4}"
372512,NCAA Men's Basketball Championship - Midwest Region - First Four,SMU,Jermaine O'Neal Jr.,5068840,5312289,F,False,False,4,0,0,0,0,0,0,-2.1,,,,,0.0,0.0,,0.0,,"{'made': 0, 'attempted': 3, 'pct': 0}","{'made': 0, 'attempted': 2, 'pct': 0}","{'made': 0, 'attempted': 1, 'pct': 0}","{'made': 0, 'attempted': 0, 'pct': 0}","{'offensive': 0, 'defensive': 0, 'total': 0}"
372512,NCAA Men's Basketball Championship - Midwest Region - First Four,SMU,Mitchell Holmes,5068841,5238182,F,False,False,1,0,0,1,0,0,0,-0.4,,,,,,,,,,"{'made': 0, 'attempted': 0, 'pct': 0}","{'made': 0, 'attempted': 0, 'pct': 0}","{'made': 0, 'attempted': 0, 'pct': 0}","{'made': 0, 'attempted': 0, 'pct': 0}","{'offensive': 0, 'defensive': 0, 'total': 0}"
372512,NCAA Men's Basketball Championship - Midwest Region - First Four,SMU,Chance Puryear,5068842,5144391,G,False,False,0,0,0,1,0,0,0,-0.4,,,,,,,,,,"{'made': 0, 'attempted': 0, 'pct': 0}","{'made': 0, 'attempted': 0, 'pct': 0}","{'made': 0, 'attempted': 0, 'pct': 0}","{'made': 0, 'attempted': 0, 'pct': 0}","{'offensive': 0, 'defensive': 0, 'total': 0}"
372512,NCAA Men's Basketball Championship - Midwest Region - First Four,SMU,Sam Walters,5068843,4683781,F,False,False,17,5,0,2,2,0,0,4.6,124.0,142.0,-18.0,18.2,41.7,41.7,,0.0,75.0,"{'made': 2, 'attempted': 6, 'pct': 33.3}","{'made': 1, 'attempted': 2, 'pct': 50}","{'made': 1, 'attempted': 4, 'pct': 25}","{'made': 0, 'attempted': 0, 'pct': 0}","{'offensive': 3, 'defensive': 1, 'total': 4}"
372512,NCAA Men's Basketball Championship - Midwest Region - First Four,SMU,B.J. Davis-Ray,5068844,5041938,G,False,False,2,0,2,0,0,0,0,-2.0,,,,,,,0.0,,,"{'made': 0, 'attempted': 0, 'pct': 0}","{'made': 0, 'attempted': 0, 'pct': 0}","{'made': 0, 'attempted': 0, 'pct': 0}","{'made': 0, 'attempted': 0, 'pct': 0}","{'offensive': 0, 'defensive': 0, 'total': 0}"
372512,NCAA Men's Basketball Championship - Midwest Region - First Four,Miami (OH),Antwone Woolfolk,5068818,5105859,F,True,False,19,3,1,1,2,0,0,1.1,77.4,122.7,-45.3,18.6,20.0,25.5,2.0,40.0,25.0,"{'made': 1, 'attempted': 5, 'pct': 20}","{'made': 1, 'attempted': 2, 'pct': 50}","{'made': 0, 'attempted': 3, 'pct': 0}","{'made': 1, 'attempted': 2, 'pct': 50}","{'offensive': 1, 'defensive': 3, 'total': 4}"
372512,NCAA Men's Basketball Championship - Midwest Region - First Four,Miami (OH),Brant Byers,5068819,5243053,F,True,False,36,19,0,2,1,0,1,15.5,153.7,127.4,26.3,20.1,63.6,67.5,,63.6,75.0,"{'made': 5, 'attempted': 11, 'pct': 45.5}","{'made': 1, 'attempted': 2, 'pct': 50}","{'made': 4, 'attempted': 9, 'pct': 44.4}","{'made': 5, 'attempted': 7, 'pct': 71.4}","{'offensive': 3, 'defensive': 1, 'total': 4}"
372512,NCAA Men's Basketball Championship - Midwest Region - First Four,Miami (OH),Peter Suder,5068820,5106674,G,True,False,36,7,0,4,6,0,0,6.2,115.4,123.5,-8.1,16.0,22.2,31.3,,55.6,28.6,"{'made': 2, 'attempted': 9, 'pct': 22.2}","{'made': 2, 'attempted': 5, 'pct': 40}","{'made': 0, 'attempted': 4, 'pct': 0}","{'made': 3, 'attempted': 5, 'pct': 60}","{'offensive': 2, 'defensive': 5, 'total': 7}"
372512,NCAA Men's Basketball Championship - Midwest Region - First Four,Miami (OH),Luke Skaljac,5068821,5101653,G,True,False,30,17,1,2,4,3,0,16.3,144.2,112.2,32.0,22.3,70.8,70.8,4.0,0.0,0.0,"{'made': 7, 'attempted': 12, 'pct': 58.3}","{'made': 4, 'attempted': 7, 'pct': 57.1}","{'made': 3, 'attempted': 5, 'pct': 60}","{'made': 0, 'attempted': 0, 'pct': 0}","{'offensive': 0, 'defensive': 3, 'total': 3}"
372512,NCAA Men's Basketball Championship - Midwest Region - First Four,Miami (OH),Eian Elmer,5068822,5093252,F,True,False,24,23,1,4,1,1,0,18.1,157.9,118.5,39.4,27.6,100.0,96.8,1.0,18.2,0.0,"{'made': 8, 'attempted': 11, 'pct': 72.7}","{'made': 2, 'attempted': 2, 'pct': 100}","{'made': 6, 'attempted': 9, 'pct': 66.7}","{'made': 1, 'attempted': 2, 'pct': 50}","{'offensive': 0, 'defensive': 3, 'total': 3}"
372512,NCAA Men's Basketball Championship - Midwest Region - First Four,Miami (OH),Almar Atlason,5068823,5176313,F,False,False,24,12,1,1,3,0,1,10.7,130.3,124.1,6.2,25.5,50.0,55.1,3.0,20.0,60.0,"{'made': 4, 'attempted': 10, 'pct': 40}","{'made': 2, 'attempted': 3, 'pct': 66.7}","{'made': 2, 'attempted': 7, 'pct': 28.6}","{'made': 2, 'attempted': 2, 'pct': 100}","{'offensive': 3, 'defensive': 2, 'total': 5}"
372512,NCAA Men's Basketball Championship - Midwest Region - First Four,Miami (OH),Justin Kirby,5068824,5313370,G,False,False,21,8,0,3,1,0,0,5.7,157.3,125.5,31.8,14.1,62.5,69.4,,100.0,0.0,"{'made': 2, 'attempted': 4, 'pct': 50}","{'made': 1, 'attempted': 1, 'pct': 100}","{'made': 1, 'attempted': 3, 'pct': 33.3}","{'made': 3, 'attempted': 4, 'pct': 75}","{'offensive': 0, 'defensive': 2, 'total': 2}"
372512,NCAA Men's Basketball Championship - Midwest Region - First Four,Miami (OH),Trey Perry,5068825,5313368,G,False,False,10,0,0,0,2,0,0,2.0,107.0,120.7,-13.7,10.3,0.0,0.0,,0.0,50.0,"{'made': 0, 'attempted': 2, 'pct': 0}","{'made': 0, 'attempted': 1, 'pct': 0}","{'made': 0, 'attempted': 1, 'pct': 0}","{'made': 0, 'attempted': 0, 'pct': 0}","{'offensive': 2, 'defensive': 2, 'total': 4}"
372529,NCAA Men's Basketball Championship - East Region - 1st Round,Ohio State,Amare Bynum,5069712,5196946,F,True,False,35,12,1,1,2,1,2,13.5,120.3,96.7,23.6,17.1,62.5,64.4,2.0,37.5,11.1,"{'made': 5, 'attempted': 8, 'pct': 62.5}","{'made': 5, 'attempted': 5, 'pct': 100}","{'made': 0, 'attempted': 3, 'pct': 0}","{'made': 2, 'attempted': 3, 'pct': 66.7}","{'offensive': 1, 'defensive': 8, 'total': 9}"
372529,NCAA Men's Basketball Championship - East Region - 1st Round,Ohio State,Devin Royal,5069713,4895776,F,True,False,39,14,0,2,0,0,0,10.1,124.0,111.3,12.7,17.5,50.0,59.5,,40.0,20.0,"{'made': 5, 'attempted': 10, 'pct': 50}","{'made': 5, 'attempted': 9, 'pct': 55.6}","{'made': 0, 'attempted': 1, 'pct': 0}","{'made': 4, 'attempted': 4, 'pct': 100}","{'offensive': 1, 'defensive': 4, 'total': 5}"
372529,NCAA Men's Basketball Championship - East Region - 1st Round,Ohio State,Christoph Tilly,5069714,5109790,C,True,False,31,10,2,3,6,2,1,11.2,104.2,96.2,8.0,22.3,44.4,50.6,3.0,22.2,16.7,"{'made': 4, 'attempted': 9, 'pct': 44.4}","{'made': 4, 'attempted': 8, 'pct': 50}","{'made': 0, 'attempted': 1, 'pct': 0}","{'made': 2, 'attempted': 2, 'pct': 100}","{'offensive': 1, 'defensive': 5, 'total': 6}"
372529,NCAA Men's Basketball Championship - East Region - 1st Round,Ohio State,Bruce Thornton,5069715,5105837,G,True,False,40,10,1,3,4,1,0,7.7,104.0,107.6,-3.6,15.8,44.4,50.6,4.0,22.2,0.0,"{'made': 3, 'attempted': 9, 'pct': 33.3}","{'made': 1, 'attempted': 4, 'pct': 25}","{'made': 2, 'attempted': 5, 'pct': 40}","{'made': 2, 'attempted': 2, 'pct': 100}","{'offensive': 0, 'defensive': 4, 'total': 4}"
372529,NCAA Men's Basketball Championship - East Region - 1st Round,Ohio State,John Mobley Jr.,5069716,5060708,G,True,False,39,15,1,1,6,0,0,9.2,95.0,113.1,-18.1,26.8,44.1,44.1,6.0,0.0,0.0,"{'made': 6, 'attempted': 17, 'pct': 35.3}","{'made': 3, 'attempted': 6, 'pct': 50}","{'made': 3, 'attempted': 11, 'pct': 27.3}","{'made': 0, 'attempted': 0, 'pct': 0}","{'offensive': 0, 'defensive': 3, 'total': 3}"
372529,NCAA Men's Basketball Championship - East Region - 1st Round,Ohio State,Brandon Noel,5069719,4702994,F,False,False,4,0,0,0,0,0,0,0.0,,,,,,,,,,"{'made': 0, 'attempted': 0, 'pct': 0}","{'made': 0, 'attempted': 0, 'pct': 0}","{'made': 0, 'attempted': 0, 'pct': 0}","{'made': 0, 'attempted': 0, 'pct': 0}","{'offensive': 0, 'defensive': 0, 'total': 0}"
372529,NCAA Men's Basketball Championship - East Region - 1st Round,Ohio State,Ivan Njegovan,5069720,5239599,C,False,False,2,0,1,0,0,0,0,-1.0,,,,,,,0.0,,,"{'made': 0, 'attempted': 0, 'pct': 0}","{'made': 0, 'attempted': 0, 'pct': 0}","{'made': 0, 'attempted': 0, 'pct': 0}","{'made': 0, 'attempted': 0, 'pct': 0}","{'offensive': 0, 'defensive': 0, 'total': 0}"
372529,NCAA Men's Basketball Championship - East Region - 1st Round,Ohio State,Gabe Cupps,5069724,4845387,G,False,False,5,3,0,0,0,0,0,2.0,,,,,75.0,75.0,,0.0,,"{'made': 1, 'attempted': 2, 'pct': 50}","{'made': 0, 'attempted': 0, 'pct': 0}","{'made': 1, 'attempted': 2, 'pct': 50}","{'made': 0, 'attempted': 0, 'pct': 0}","{'offensive': 0, 'defensive': 0, 'total': 0}"
372529,NCAA Men's Basketball Championship - East Region - 1st Round,Ohio State,Taison Chatman,5069726,4685646,G,False,False,5,0,1,0,0,0,0,-1.7,,,,,0.0,0.0,0.0,0.0,100.0,"{'made': 0, 'attempted': 2, 'pct': 0}","{'made': 0, 'attempted': 2, 'pct': 0}","{'made': 0, 'attempted': 0, 'pct': 0}","{'made': 0, 'attempted': 0, 'pct': 0}","{'offensive': 1, 'defensive': 0, 'total': 1}"
372529,NCAA Men's Basketball Championship - East Region - 1st Round,TCU,Xavier Edmonds,5069696,5311928,F,True,False,25,16,0,4,3,1,0,15.5,141.6,103.1,38.5,30.1,58.3,58.1,,33.3,75.0,"{'made': 6, 'attempted': 12, 'pct': 50}","{'made': 4, 'attempted': 9, 'pct': 44.4}","{'made': 2, 'attempted': 3, 'pct': 66.7}","{'made': 2, 'attempted': 4, 'pct': 50}","{'offensive': 6, 'defensive': 2, 'total': 8}"
372529,NCAA Men's Basketball Championship - East Region - 1st Round,TCU,David Punch,5069697,5164368,F,True,False,28,16,2,3,2,0,3,14.2,109.9,88.7,21.2,32.5,50.0,54.6,1.0,50.0,15.4,"{'made': 6, 'attempted': 12, 'pct': 50}","{'made': 6, 'attempted': 11, 'pct': 54.5}","{'made': 0, 'attempted': 1, 'pct': 0}","{'made': 4, 'attempted': 6, 'pct': 66.7}","{'offensive': 2, 'defensive': 11, 'total': 13}"
372529,NCAA Men's Basketball Championship - East Region - 1st Round,TCU,Micah Robinson,5069698,5037876,F,True,False,37,18,1,3,0,1,0,13.0,142.6,103.1,39.5,19.0,72.7,75.8,0.0,18.2,0.0,"{'made': 6, 'attempted': 11, 'pct': 54.5}","{'made': 2, 'attempted': 5, 'pct': 40}","{'made': 4, 'attempted': 6, 'pct': 66.7}","{'made': 2, 'attempted': 2, 'pct': 100}","{'offensive': 0, 'defensive': 5, 'total': 5}"
372529,NCAA Men's Basketball Championship - East Region - 1st Round,TCU,Jayden Pierre,5069699,5105619,G,True,False,36,4,1,1,2,0,1,-0.2,65.3,109.2,-43.9,13.5,21.4,25.4,2.0,28.6,,"{'made': 1, 'attempted': 7, 'pct': 14.3}","{'made': 0, 'attempted': 4, 'pct': 0}","{'made': 1, 'attempted': 3, 'pct': 33.3}","{'made': 1, 'attempted': 2, 'pct': 50}","{'offensive': 0, 'defensive': 0, 'total': 0}"
372529,NCAA Men's Basketball Championship - East Region - 1st Round,TCU,Brock Harding,5069700,5103589,G,True,False,29,8,1,2,3,0,0,5.5,111.4,108.0,3.4,17.0,50.0,50.0,3.0,0.0,25.0,"{'made': 3, 'attempted': 8, 'pct': 37.5}","{'made': 1, 'attempted': 2, 'pct': 50}","{'made': 2, 'attempted': 6, 'pct': 33.3}","{'made': 0, 'attempted': 0, 'pct': 0}","{'offensive': 1, 'defensive': 3, 'total': 4}"
372529,NCAA Men's Basketball Championship - East Region - 1st Round,TCU,Vianney Salatchoum,5069701,5242117,C,False,False,1,0,0,0,0,0,0,0.0,,,,,,,,,,"{'made': 0, 'attempted': 0, 'pct': 0}","{'made': 0, 'attempted': 0, 'pct': 0}","{'made': 0, 'attempted': 0, 'pct': 0}","{'made': 0, 'attempted': 0, 'pct': 0}","{'offensive': 0, 'defensive': 0, 'total': 0}"
372529,NCAA Men's Basketball Championship - East Region - 1st Round,TCU,Liutauras Lelevicius,5069704,5245624,G,False,False,28,4,0,0,1,1,0,2.8,71.9,101.6,-29.7,15.6,25.0,25.0,,0.0,20.0,"{'made': 2, 'attempted': 8, 'pct': 25}","{'made': 2, 'attempted': 5, 'pct': 40}","{'made': 0, 'attempted': 3, 'pct': 0}","{'made': 0, 'attempted': 0, 'pct': 0}","{'offensive': 1, 'defensive': 4, 'total': 5}"
372529,NCAA Men's Basketball Championship - East Region - 1st Round,TCU,Tanner Toolson,5069709,5105461,G,False,False,16,0,1,0,1,1,0,1.0,45.5,100.5,-55.0,10.3,0.0,0.0,1.0,0.0,66.7,"{'made': 0, 'attempted': 2, 'pct': 0}","{'made': 0, 'attempted': 1, 'pct': 0}","{'made': 0, 'attempted': 1, 'pct': 0}","{'made': 0, 'attempted': 0, 'pct': 0}","{'offensive': 2, 'defensive': 1, 'total': 3}"
372526,NCAA Men's Basketball Championship - East Region - 1st Round,Louisville,Vangelis Zougris,5069776,5311969,F,True,False,10,6,0,2,0,0,0,6.3,141.4,106.2,35.2,23.5,60.0,60.0,,0.0,66.7,"{'made': 3, 'attempted': 5, 'pct': 60}","{'made': 3, 'attempted': 5, 'pct': 60}","{'made': 0, 'attempted': 0, 'pct': 0}","{'made': 0, 'attempted': 0, 'pct': 0}","{'offensive': 4, 'defensive': 2, 'total': 6}"
372526,NCAA Men's Basketball Championship - East Region - 1st Round,Louisville,Adrian Wooley,5069777,5242127,G,True,False,30,4,3,4,1,0,0,-3.6,52.5,113.7,-61.2,15.3,30.0,29.6,0.3,80.0,0.0,"{'made': 1, 'attempted': 5, 'pct': 20}","{'made': 0, 'attempted': 2, 'pct': 0}","{'made': 1, 'attempted': 3, 'pct': 33.3}","{'made': 1, 'attempted': 4, 'pct': 25}","{'offensive': 0, 'defensive': 2, 'total': 2}"
372526,NCAA Men's Basketball Championship - East Region - 1st Round,Louisville,Ryan Conwell,5069778,5107157,G,True,False,37,18,6,2,6,1,0,8.6,98.9,108.3,-9.4,30.5,42.9,50.1,1.0,64.3,0.0,"{'made': 5, 'attempted': 14, 'pct': 35.7}","{'made': 3, 'attempted': 7, 'pct': 42.9}","{'made': 2, 'attempted': 7, 'pct': 28.6}","{'made': 6, 'attempted': 9, 'pct': 66.7}","{'offensive': 0, 'defensive': 4, 'total': 4}"
372526,NCAA Men's Basketball Championship - East Region - 1st Round,Louisville,Isaac McKneely,5069779,4712845,G,True,False,28,23,2,2,2,1,0,19.4,165.6,109.4,56.2,21.8,104.5,104.5,1.0,0.0,33.3,"{'made': 8, 'attempted': 11, 'pct': 72.7}","{'made': 1, 'attempted': 1, 'pct': 100}","{'made': 7, 'attempted': 10, 'pct': 70}","{'made': 0, 'attempted': 0, 'pct': 0}","{'offensive': 1, 'defensive': 2, 'total': 3}"
372526,NCAA Men's Basketball Championship - East Region - 1st Round,Louisville,J'Vonne Hadley,5069780,4702784,G,True,False,33,10,4,2,2,0,0,6.1,103.9,109.0,-5.1,13.9,87.5,86.8,0.5,100.0,0.0,"{'made': 3, 'attempted': 4, 'pct': 75}","{'made': 2, 'attempted': 3, 'pct': 66.7}","{'made': 1, 'attempted': 1, 'pct': 100}","{'made': 3, 'attempted': 4, 'pct': 75}","{'offensive': 0, 'defensive': 5, 'total': 5}"
372526,NCAA Men's Basketball Championship - East Region - 1st Round,Louisville,Sananda Fru,5069781,5311967,F,False,False,25,10,0,1,0,1,2,12.3,134.6,92.1,42.5,14.4,80.0,65.4,,120.0,20.0,"{'made': 4, 'attempted': 5, 'pct': 80}","{'made': 4, 'attempted': 5, 'pct': 80}","{'made': 0, 'attempted': 0, 'pct': 0}","{'made': 2, 'attempted': 6, 'pct': 33.3}","{'offensive': 2, 'defensive': 8, 'total': 10}"
372526,NCAA Men's Basketball Championship - East Region - 1st Round,Louisville,Khani Rooths,5069782,4873187,F,False,False,11,5,2,0,0,0,1,2.7,81.5,109.2,-27.7,25.7,62.5,62.5,0.0,0.0,50.0,"{'made': 2, 'attempted': 4, 'pct': 50}","{'made': 1, 'attempted': 2, 'pct': 50}","{'made': 1, 'attempted': 2, 'pct': 50}","{'made': 0, 'attempted': 0, 'pct': 0}","{'offensive': 1, 'defensive': 1, 'total': 2}"
372526,NCAA Men's Basketball Championship - East Region - 1st Round,Louisville,Aly Khalifa,5069783,4702739,C,False,False,14,3,1,2,1,0,0,1.6,126.4,117.5,8.9,6.7,150.0,150.0,1.0,0.0,,"{'made': 1, 'attempted': 1, 'pct': 100}","{'made': 0, 'attempted': 0, 'pct': 0}","{'made': 1, 'attempted': 1, 'pct': 100}","{'made': 0, 'attempted': 0, 'pct': 0}","{'offensive': 0, 'defensive': 0, 'total': 0}"
372526,NCAA Men's Basketball Championship - East Region - 1st Round,Louisville,Kobe Rodgers,5069784,5174946,G,False,False,20,4,2,2,5,2,0,8.0,125.9,97.5,28.4,13.8,33.3,51.5,2.5,66.7,50.0,"{'made': 1, 'attempted': 3, 'pct': 33.3}","{'made': 1, 'attempted': 2, 'pct': 50}","{'made': 0, 'attempted': 1, 'pct': 0}","{'made': 2, 'attempted': 2, 'pct': 100}","{'offensive': 3, 'defensive': 3, 'total': 6}"
372526,NCAA Men's Basketball Championship - East Region - 1st Round,South Florida,Izaiyah Nelson,5069761,5107251,F,True,False,35,22,2,5,1,2,3,19.2,122.2,107.5,14.7,25.5,52.9,58.6,0.5,23.5,55.6,"{'made': 9, 'attempted': 17, 'pct': 52.9}","{'made': 9, 'attempted': 15, 'pct': 60}","{'made': 0, 'attempted': 2, 'pct': 0}","{'made': 4, 'attempted': 4, 'pct': 100}","{'offensive': 5, 'defensive': 4, 'total': 9}"
372526,NCAA Men's Basketball Championship - East Region - 1st Round,South Florida,Wes Enis,5069762,5313560,G,True,False,32,4,0,4,2,1,0,-4.2,47.7,119.8,-72.1,20.2,13.3,13.3,,0.0,100.0,"{'made': 2, 'attempted': 15, 'pct': 13.3}","{'made': 2, 'attempted': 4, 'pct': 50}","{'made': 0, 'attempted': 11, 'pct': 0}","{'made': 0, 'attempted': 0, 'pct': 0}","{'offensive': 1, 'defensive': 0, 'total': 1}"
372526,NCAA Men's Basketball Championship - East Region - 1st Round,South Florida,Josh Omojafo,5069763,5241690,G,True,False,23,6,0,0,0,0,0,5.8,120.4,116.2,4.2,12.6,20.0,44.4,,80.0,28.6,"{'made': 1, 'attempted': 5, 'pct': 20}","{'made': 1, 'attempted': 3, 'pct': 33.3}","{'made': 0, 'attempted': 2, 'pct': 0}","{'made': 4, 'attempted': 4, 'pct': 100}","{'offensive': 2, 'defensive': 5, 'total': 7}"
372526,NCAA Men's Basketball Championship - East Region - 1st Round,South Florida,CJ Brown,5069764,5183925,G,True,False,20,4,1,1,2,0,0,3.7,115.9,122.4,-6.5,8.6,66.7,66.7,2.0,0.0,50.0,"{'made': 2, 'attempted': 3, 'pct': 66.7}","{'made': 2, 'attempted': 2, 'pct': 100}","{'made': 0, 'attempted': 1, 'pct': 0}","{'made': 0, 'attempted': 0, 'pct': 0}","{'offensive': 1, 'defensive': 1, 'total': 2}"
372526,NCAA Men's Basketball Championship - East Region - 1st Round,South Florida,Joseph Pinion,5069765,4699760,G,True,False,38,27,1,4,6,4,0,22.0,125.1,105.6,19.5,30.4,50.0,52.2,6.0,8.0,28.6,"{'made': 10, 'attempted': 25, 'pct': 40}","{'made': 5, 'attempted': 11, 'pct': 45.5}","{'made': 5, 'attempted': 14, 'pct': 35.7}","{'made': 2, 'attempted': 2, 'pct': 100}","{'offensive': 2, 'defensive': 5, 'total': 7}"
372526,NCAA Men's Basketball Championship - East Region - 1st Round,South Florida,Daimion Collins,5069766,4611412,F,False,False,4,0,0,0,0,0,0,0.0,,,,,0.0,0.0,,0.0,100.0,"{'made': 0, 'attempted': 1, 'pct': 0}","{'made': 0, 'attempted': 1, 'pct': 0}","{'made': 0, 'attempted': 0, 'pct': 0}","{'made': 0, 'attempted': 0, 'pct': 0}","{'offensive': 1, 'defensive': 0, 'total': 1}"
372526,NCAA Men's Basketball Championship - East Region - 1st Round,South Florida,Isaiah Jones,5069767,4067423,G,False,False,27,4,2,3,0,4,0,5.1,77.4,102.6,-25.2,11.0,25.0,41.0,0.0,50.0,60.0,"{'made': 1, 'attempted': 4, 'pct': 25}","{'made': 1, 'attempted': 1, 'pct': 100}","{'made': 0, 'attempted': 3, 'pct': 0}","{'made': 2, 'attempted': 2, 'pct': 100}","{'offensive': 3, 'defensive': 2, 'total': 5}"
372526,NCAA Men's Basketball Championship - East Region - 1st Round,South Florida,Gavin Hightower,5069768,5101765,G,False,False,23,12,3,4,3,4,0,11.8,109.8,98.2,11.6,22.0,71.4,68.5,1.0,57.1,50.0,"{'made': 5, 'attempted': 7, 'pct': 71.4}","{'made': 5, 'attempted': 7, 'pct': 71.4}","{'made': 0, 'attempted': 0, 'pct': 0}","{'made': 2, 'attempted': 4, 'pct': 50}","{'offensive': 2, 'defensive': 2, 'total': 4}"
372523,NCAA Men's Basketball Championship - West Region - 1st Round,Wisconsin,Aleksas Bieliauskas,5069746,5312048,F,True,False,27,2,0,3,1,1,1,3.4,83.6,110.8,-27.2,9.2,20.0,20.0,,0.0,42.9,"{'made': 1, 'attempted': 5, 'pct': 20}","{'made': 1, 'attempted': 3, 'pct': 33.3}","{'made': 0, 'attempted': 2, 'pct': 0}","{'made': 0, 'attempted': 0, 'pct': 0}","{'offensive': 3, 'defensive': 4, 'total': 7}"
372523,NCAA Men's Basketball Championship - West Region - 1st Round,Wisconsin,Austin Rapp,5069747,5240971,F,True,False,33,12,0,2,0,0,0,8.1,126.4,120.9,5.5,14.9,55.6,60.7,,22.2,25.0,"{'made': 4, 'attempted': 9, 'pct': 44.4}","{'made': 2, 'attempted': 3, 'pct': 66.7}","{'made': 2, 'attempted': 6, 'pct': 33.3}","{'made': 2, 'attempted': 2, 'pct': 100}","{'offensive': 1, 'defensive': 3, 'total': 4}"
372523,NCAA Men's Basketball Championship - West Region - 1st Round,Wisconsin,Andrew Rohde,5069748,5109019,G,True,False,32,6,2,3,5,0,1,5.9,117.4,118.8,-1.4,9.3,75.0,75.0,2.5,0.0,0.0,"{'made': 2, 'attempted': 4, 'pct': 50}","{'made': 0, 'attempted': 1, 'pct': 0}","{'made': 2, 'attempted': 3, 'pct': 66.7}","{'made': 0, 'attempted': 0, 'pct': 0}","{'offensive': 0, 'defensive': 3, 'total': 3}"
372523,NCAA Men's Basketball Championship - West Region - 1st Round,Wisconsin,John Blackwell,5069749,5103630,G,True,False,37,22,5,1,2,0,0,12.6,95.7,112.3,-16.6,30.6,59.4,61.9,0.4,25.0,0.0,"{'made': 8, 'attempted': 16, 'pct': 50}","{'made': 5, 'attempted': 11, 'pct': 45.5}","{'made': 3, 'attempted': 5, 'pct': 60}","{'made': 3, 'attempted': 4, 'pct': 75}","{'offensive': 0, 'defensive': 10, 'total': 10}"
372523,NCAA Men's Basketball Championship - West Region - 1st Round,Wisconsin,Nick Boyd,5069750,4702654,G,True,False,35,27,1,1,6,0,0,21.3,127.0,118.5,8.5,33.7,52.5,59.6,6.0,30.0,0.0,"{'made': 10, 'attempted': 20, 'pct': 50}","{'made': 9, 'attempted': 18, 'pct': 50}","{'made': 1, 'attempted': 2, 'pct': 50}","{'made': 6, 'attempted': 6, 'pct': 100}","{'offensive': 0, 'defensive': 5, 'total': 5}"
372523,NCAA Men's Basketball Championship - West Region - 1st Round,Wisconsin,Nolan Winter,5069751,4895783,F,False,False,21,8,0,1,2,0,2,8.7,128.4,113.0,15.4,16.6,57.1,57.1,,0.0,25.0,"{'made': 4, 'attempted': 7, 'pct': 57.1}","{'made': 4, 'attempted': 5, 'pct': 80}","{'made': 0, 'attempted': 2, 'pct': 0}","{'made': 0, 'attempted': 0, 'pct': 0}","{'offensive': 1, 'defensive': 3, 'total': 4}"
372523,NCAA Men's Basketball Championship - West Region - 1st Round,Wisconsin,Braeden Carrington,5069752,5105820,G,False,False,16,5,1,1,1,1,0,3.3,101.0,117.0,-16.0,15.6,62.5,62.5,1.0,0.0,,"{'made': 2, 'attempted': 4, 'pct': 50}","{'made': 1, 'attempted': 1, 'pct': 100}","{'made': 1, 'attempted': 3, 'pct': 33.3}","{'made': 0, 'attempted': 0, 'pct': 0}","{'offensive': 0, 'defensive': 0, 'total': 0}"
372523,NCAA Men's Basketball Championship - West Region - 1st Round,High Point,Owen Aquino,5069727,5242131,F,True,False,36,11,0,2,3,0,2,11.9,143.7,114.1,29.6,12.9,43.8,56.4,,50.0,33.3,"{'made': 3, 'attempted': 8, 'pct': 37.5}","{'made': 2, 'attempted': 6, 'pct': 33.3}","{'made': 1, 'attempted': 2, 'pct': 50}","{'made': 4, 'attempted': 4, 'pct': 100}","{'offensive': 2, 'defensive': 4, 'total': 6}"
372523,NCAA Men's Basketball Championship - West Region - 1st Round,High Point,Braden Hausen,5069728,5241592,F,True,False,16,6,0,0,0,0,0,4.7,191.1,121.4,69.7,8.9,100.0,100.0,,0.0,,"{'made': 2, 'attempted': 3, 'pct': 66.7}","{'made': 0, 'attempted': 0, 'pct': 0}","{'made': 2, 'attempted': 3, 'pct': 66.7}","{'made': 0, 'attempted': 0, 'pct': 0}","{'offensive': 0, 'defensive': 0, 'total': 0}"
372523,NCAA Men's Basketball Championship - West Region - 1st Round,High Point,Terry Anderson,5069729,5241590,F,True,False,30,15,1,2,1,3,1,15.2,111.6,101.2,10.4,25.4,50.0,50.0,1.0,0.0,45.5,"{'made': 7, 'attempted': 15, 'pct': 46.7}","{'made': 6, 'attempted': 9, 'pct': 66.7}","{'made': 1, 'attempted': 6, 'pct': 16.7}","{'made': 0, 'attempted': 0, 'pct': 0}","{'offensive': 5, 'defensive': 6, 'total': 11}"
372523,NCAA Men's Basketball Championship - West Region - 1st Round,High Point,Rob Martin,5069730,5107904,G,True,False,36,23,1,4,10,0,2,17.2,121.1,115.5,5.6,32.9,47.8,48.2,10.0,8.7,33.3,"{'made': 9, 'attempted': 23, 'pct': 39.1}","{'made': 5, 'attempted': 13, 'pct': 38.5}","{'made': 4, 'attempted': 10, 'pct': 40}","{'made': 1, 'attempted': 2, 'pct': 50}","{'offensive': 1, 'defensive': 2, 'total': 3}"
372523,NCAA Men's Basketball Championship - West Region - 1st Round,High Point,Scotty Washington,5069731,4896852,G,True,False,9,0,0,2,0,0,0,-1.5,33.2,121.3,-88.1,10.6,0.0,0.0,,0.0,100.0,"{'made': 0, 'attempted': 2, 'pct': 0}","{'made': 0, 'attempted': 1, 'pct': 0}","{'made': 0, 'attempted': 1, 'pct': 0}","{'made': 0, 'attempted': 0, 'pct': 0}","{'offensive': 1, 'defensive': 0, 'total': 1}"
372523,NCAA Men's Basketball Championship - West Region - 1st Round,High Point,Youssouf Singare,5069732,5102797,C,False,False,4,0,0,0,0,0,0,0.0,,,,,,,,,,"{'made': 0, 'attempted': 0, 'pct': 0}","{'made': 0, 'attempted': 0, 'pct': 0}","{'made': 0, 'attempted': 0, 'pct': 0}","{'made': 0, 'attempted': 0, 'pct': 0}","{'offensive': 0, 'defensive': 0, 'total': 0}"
372523,NCAA Men's Basketball Championship - West Region - 1st Round,High Point,Cam'Ron Fletcher,5069733,4432182,F,False,False,33,14,3,1,1,2,0,9.8,89.8,106.3,-16.5,23.6,54.2,52.6,0.3,25.0,9.1,"{'made': 5, 'attempted': 12, 'pct': 41.7}","{'made': 2, 'attempted': 4, 'pct': 50}","{'made': 3, 'attempted': 8, 'pct': 37.5}","{'made': 1, 'attempted': 3, 'pct': 33.3}","{'offensive': 1, 'defensive': 10, 'total': 11}"
372523,NCAA Men's Basketball Championship - West Region - 1st Round,High Point,Conrad Martinez,5069734,5174957,G,False,False,13,0,0,1,3,0,0,-1.1,53.5,121.4,-67.9,14.7,0.0,0.0,,0.0,,"{'made': 0, 'attempted': 4, 'pct': 0}","{'made': 0, 'attempted': 0, 'pct': 0}","{'made': 0, 'attempted': 4, 'pct': 0}","{'made': 0, 'attempted': 0, 'pct': 0}","{'offensive': 0, 'defensive': 0, 'total': 0}"
372523,NCAA Men's Basketball Championship - West Region - 1st Round,High Point,Chase Johnston,5069735,4612709,G,False,False,22,14,1,3,0,1,0,10.5,153.6,113.4,40.2,17.3,100.0,100.0,0.0,0.0,0.0,"{'made': 5, 'attempted': 7, 'pct': 71.4}","{'made': 1, 'attempted': 1, 'pct': 100}","{'made': 4, 'attempted': 6, 'pct': 66.7}","{'made': 0, 'attempted': 0, 'pct': 0}","{'offensive': 0, 'defensive': 2, 'total': 2}"
372522,NCAA Men's Basketball Championship - South Region - 1st Round,Vanderbilt,AK Okereke,5069838,5114350,F,True,False,33,7,2,3,4,0,1,8.5,123.5,108.4,15.1,13.1,60.0,59.5,2.0,40.0,44.4,"{'made': 2, 'attempted': 5, 'pct': 40}","{'made': 0, 'attempted': 2, 'pct': 0}","{'made': 2, 'attempted': 3, 'pct': 66.7}","{'made': 1, 'attempted': 2, 'pct': 50}","{'offensive': 4, 'defensive': 5, 'total': 9}"
372522,NCAA Men's Basketball Championship - South Region - 1st Round,Vanderbilt,Tyler Nickel,5069839,4838721,G,True,False,33,12,1,0,2,0,0,8.2,123.4,116.5,6.9,19.6,50.0,55.8,2.0,44.4,33.3,"{'made': 3, 'attempted': 9, 'pct': 33.3}","{'made': 0, 'attempted': 1, 'pct': 0}","{'made': 3, 'attempted': 8, 'pct': 37.5}","{'made': 3, 'attempted': 4, 'pct': 75}","{'offensive': 1, 'defensive': 2, 'total': 3}"
372522,NCAA Men's Basketball Championship - South Region - 1st Round,Vanderbilt,Devin McGlockton,5069840,4791227,F,True,False,32,12,1,2,0,0,1,11.9,160.1,103.3,56.8,12.0,100.0,100.0,0.0,0.0,12.5,"{'made': 6, 'attempted': 6, 'pct': 100}","{'made': 6, 'attempted': 6, 'pct': 100}","{'made': 0, 'attempted': 0, 'pct': 0}","{'made': 0, 'attempted': 0, 'pct': 0}","{'offensive': 1, 'defensive': 7, 'total': 8}"
372522,NCAA Men's Basketball Championship - South Region - 1st Round,Vanderbilt,Tyler Tanner,5069841,5187600,G,True,False,37,26,3,1,5,1,0,20.4,130.1,102.9,27.2,34.7,53.1,63.7,1.7,62.5,0.0,"{'made': 7, 'attempted': 16, 'pct': 43.8}","{'made': 4, 'attempted': 8, 'pct': 50}","{'made': 3, 'attempted': 8, 'pct': 37.5}","{'made': 9, 'attempted': 10, 'pct': 90}","{'offensive': 0, 'defensive': 7, 'total': 7}"
372522,NCAA Men's Basketball Championship - South Region - 1st Round,Vanderbilt,Duke Miles,5069842,4702049,G,True,False,29,13,2,2,3,2,0,10.3,122.8,110.8,12.0,24.2,50.0,60.4,1.5,44.4,100.0,"{'made': 4, 'attempted': 9, 'pct': 44.4}","{'made': 3, 'attempted': 4, 'pct': 75}","{'made': 1, 'attempted': 5, 'pct': 20}","{'made': 4, 'attempted': 4, 'pct': 100}","{'offensive': 1, 'defensive': 0, 'total': 1}"
372522,NCAA Men's Basketball Championship - South Region - 1st Round,Vanderbilt,Jalen Washington,5069843,4433625,F,False,False,15,4,1,2,1,0,0,2.5,106.7,106.1,0.6,14.7,66.7,66.7,1.0,0.0,0.0,"{'made': 2, 'attempted': 3, 'pct': 66.7}","{'made': 2, 'attempted': 3, 'pct': 66.7}","{'made': 0, 'attempted': 0, 'pct': 0}","{'made': 0, 'attempted': 0, 'pct': 0}","{'offensive': 0, 'defensive': 3, 'total': 3}"
372522,NCAA Men's Basketball Championship - South Region - 1st Round,Vanderbilt,Chandler Bing,5069844,5311759,G,False,False,22,4,3,1,0,0,1,0.9,57.1,108.8,-51.7,15.0,66.7,66.7,0.0,0.0,0.0,"{'made': 2, 'attempted': 3, 'pct': 66.7}","{'made': 2, 'attempted': 3, 'pct': 66.7}","{'made': 0, 'attempted': 0, 'pct': 0}","{'made': 0, 'attempted': 0, 'pct': 0}","{'offensive': 0, 'defensive': 3, 'total': 3}"
372522,NCAA Men's Basketball Championship - South Region - 1st Round,McNeese,Jerrell Colbert,5069823,4433273,F,True,False,31,0,1,2,1,2,2,2.9,43.7,119.2,-75.5,8.2,0.0,0.0,1.0,0.0,66.7,"{'made': 0, 'attempted': 4, 'pct': 0}","{'made': 0, 'attempted': 3, 'pct': 0}","{'made': 0, 'attempted': 1, 'pct': 0}","{'made': 0, 'attempted': 0, 'pct': 0}","{'offensive': 4, 'defensive': 2, 'total': 6}"
372522,NCAA Men's Basketball Championship - South Region - 1st Round,McNeese,Tyshawn Archie,5069824,5175726,G,True,False,30,13,0,1,2,1,0,7.2,103.9,129.4,-25.5,27.0,40.6,40.6,,0.0,50.0,"{'made': 6, 'attempted': 16, 'pct': 37.5}","{'made': 5, 'attempted': 11, 'pct': 45.5}","{'made': 1, 'attempted': 5, 'pct': 20}","{'made': 0, 'attempted': 0, 'pct': 0}","{'offensive': 1, 'defensive': 1, 'total': 2}"
372522,NCAA Men's Basketball Championship - South Region - 1st Round,McNeese,Larry Johnson,5069825,5144375,G,True,False,28,15,1,4,0,0,0,3.6,89.6,127.2,-37.6,37.3,26.5,38.2,0.0,35.3,0.0,"{'made': 4, 'attempted': 17, 'pct': 23.5}","{'made': 3, 'attempted': 11, 'pct': 27.3}","{'made': 1, 'attempted': 6, 'pct': 16.7}","{'made': 6, 'attempted': 6, 'pct': 100}","{'offensive': 0, 'defensive': 5, 'total': 5}"
372522,NCAA Men's Basketball Championship - South Region - 1st Round,McNeese,Garwey Dual,5069826,5077373,G,True,False,34,16,1,4,6,1,1,14.3,139.0,126.7,12.3,20.9,61.5,61.5,6.0,0.0,33.3,"{'made': 7, 'attempted': 13, 'pct': 53.8}","{'made': 5, 'attempted': 9, 'pct': 55.6}","{'made': 2, 'attempted': 4, 'pct': 50}","{'made': 0, 'attempted': 0, 'pct': 0}","{'offensive': 1, 'defensive': 2, 'total': 3}"
372522,NCAA Men's Basketball Championship - South Region - 1st Round,McNeese,Javohn Garcia,5069827,4701125,G,True,False,37,10,1,2,2,0,1,5.4,102.0,128.9,-26.9,16.4,45.5,45.5,2.0,0.0,0.0,"{'made': 4, 'attempted': 11, 'pct': 36.4}","{'made': 2, 'attempted': 6, 'pct': 33.3}","{'made': 2, 'attempted': 5, 'pct': 40}","{'made': 0, 'attempted': 0, 'pct': 0}","{'offensive': 0, 'defensive': 4, 'total': 4}"
372522,NCAA Men's Basketball Championship - South Region - 1st Round,McNeese,Peitok Machar,5069828,5313569,F,False,False,5,0,0,0,0,1,1,1.7,,,,,,,,,,"{'made': 0, 'attempted': 0, 'pct': 0}","{'made': 0, 'attempted': 0, 'pct': 0}","{'made': 0, 'attempted': 0, 'pct': 0}","{'made': 0, 'attempted': 0, 'pct': 0}","{'offensive': 0, 'defensive': 0, 'total': 0}"
372522,NCAA Men's Basketball Championship - South Region - 1st Round,McNeese,Jacolb Fredson-Cole,5069829,5238222,F,False,False,12,5,1,2,0,2,0,7.0,135.2,107.3,27.9,16.9,83.3,83.3,0.0,0.0,80.0,"{'made': 2, 'attempted': 3, 'pct': 66.7}","{'made': 1, 'attempted': 2, 'pct': 50}","{'made': 1, 'attempted': 1, 'pct': 100}","{'made': 0, 'attempted': 0, 'pct': 0}","{'offensive': 4, 'defensive': 1, 'total': 5}"
372522,NCAA Men's Basketball Championship - South Region - 1st Round,McNeese,Yanis Ndjonga,5069830,5175027,F,False,False,2,0,0,0,0,0,0,0.0,,,,,,,,,,"{'made': 0, 'attempted': 0, 'pct': 0}","{'made': 0, 'attempted': 0, 'pct': 0}","{'made': 0, 'attempted': 0, 'pct': 0}","{'made': 0, 'attempted': 0, 'pct': 0}","{'offensive': 0, 'defensive': 0, 'total': 0}"
372522,NCAA Men's Basketball Championship - South Region - 1st Round,McNeese,DJ Richards Jr.,5069831,5106843,G,False,False,19,9,0,2,0,2,0,9.5,169.0,115.3,53.7,16.9,60.0,71.2,,60.0,50.0,"{'made': 2, 'attempted': 5, 'pct': 40}","{'made': 0, 'attempted': 1, 'pct': 0}","{'made': 2, 'attempted': 4, 'pct': 50}","{'made': 3, 'attempted': 3, 'pct': 100}","{'offensive': 2, 'defensive': 2, 'total': 4}"
372522,NCAA Men's Basketball Championship - South Region - 1st Round,McNeese,Carl Cherenfant,5069832,4711271,G,False,False,1,0,0,0,0,0,0,0.0,,,,,,,,,,"{'made': 0, 'attempted': 0, 'pct': 0}","{'made': 0, 'attempted': 0, 'pct': 0}","{'made': 0, 'attempted': 0, 'pct': 0}","{'made': 0, 'attempted': 0, 'pct': 0}","{'offensive': 0, 'defensive': 0, 'total': 0}"
372521,NCAA Men's Basketball Championship - West Region - 1st Round,Arkansas,Malique Ewin,5069867,5105546,F,True,False,31,16,3,1,6,2,1,22.3,144.4,97.6,46.8,18.4,75.0,82.0,2.0,50.0,50.0,"{'made': 6, 'attempted': 8, 'pct': 75}","{'made': 6, 'attempted': 8, 'pct': 75}","{'made': 0, 'attempted': 0, 'pct': 0}","{'made': 4, 'attempted': 4, 'pct': 100}","{'offensive': 6, 'defensive': 6, 'total': 12}"
372521,NCAA Men's Basketball Championship - West Region - 1st Round,Arkansas,Trevon Brazile,5069868,4698719,F,True,False,35,19,1,1,1,2,3,15.5,112.0,97.4,14.6,24.7,50.0,51.9,1.0,17.6,16.7,"{'made': 8, 'attempted': 17, 'pct': 47.1}","{'made': 7, 'attempted': 10, 'pct': 70}","{'made': 1, 'attempted': 7, 'pct': 14.3}","{'made': 2, 'attempted': 3, 'pct': 66.7}","{'offensive': 1, 'defensive': 5, 'total': 6}"
372521,NCAA Men's Basketball Championship - West Region - 1st Round,Arkansas,Darius Acuff Jr.,5069869,5142620,G,True,False,36,24,3,3,7,1,0,17.3,121.2,108.4,12.8,29.5,52.6,57.8,2.3,21.1,33.3,"{'made': 9, 'attempted': 19, 'pct': 47.4}","{'made': 7, 'attempted': 14, 'pct': 50}","{'made': 2, 'attempted': 5, 'pct': 40}","{'made': 4, 'attempted': 4, 'pct': 100}","{'offensive': 1, 'defensive': 2, 'total': 3}"
372521,NCAA Men's Basketball Championship - West Region - 1st Round,Arkansas,Billy Richmond III,5069870,5060732,F,True,False,31,10,2,3,3,1,0,8.8,111.8,102.5,9.3,14.4,62.5,62.5,1.5,0.0,14.3,"{'made': 5, 'attempted': 8, 'pct': 62.5}","{'made': 5, 'attempted': 6, 'pct': 83.3}","{'made': 0, 'attempted': 2, 'pct': 0}","{'made': 0, 'attempted': 0, 'pct': 0}","{'offensive': 1, 'defensive': 6, 'total': 7}"
372521,NCAA Men's Basketball Championship - West Region - 1st Round,Arkansas,Meleek Thomas,5069871,5041951,G,True,False,35,21,0,1,5,2,1,22.8,148.8,100.6,48.2,21.6,59.4,62.2,,12.5,37.5,"{'made': 9, 'attempted': 16, 'pct': 56.3}","{'made': 8, 'attempted': 11, 'pct': 72.7}","{'made': 1, 'attempted': 5, 'pct': 20}","{'made': 2, 'attempted': 2, 'pct': 100}","{'offensive': 3, 'defensive': 5, 'total': 8}"
372521,NCAA Men's Basketball Championship - West Region - 1st Round,Arkansas,Isaiah Sealy,5069879,5101797,G,False,False,1,0,0,0,0,0,0,0.0,,,,,,,,,,"{'made': 0, 'attempted': 0, 'pct': 0}","{'made': 0, 'attempted': 0, 'pct': 0}","{'made': 0, 'attempted': 0, 'pct': 0}","{'made': 0, 'attempted': 0, 'pct': 0}","{'offensive': 0, 'defensive': 0, 'total': 0}"
372521,NCAA Men's Basketball Championship - West Region - 1st Round,Arkansas,D.J. Wagner,5069881,4683777,G,False,False,30,7,1,1,4,0,0,6.9,128.8,110.5,18.3,10.1,50.0,60.8,4.0,100.0,0.0,"{'made': 2, 'attempted': 4, 'pct': 50}","{'made': 2, 'attempted': 2, 'pct': 100}","{'made': 0, 'attempted': 2, 'pct': 0}","{'made': 3, 'attempted': 4, 'pct': 75}","{'offensive': 0, 'defensive': 3, 'total': 3}"
372521,NCAA Men's Basketball Championship - West Region - 1st Round,Hawai'i,Harry Rouhliadeff,5069854,5107204,F,True,False,33,9,1,1,1,0,0,7.9,123.2,130.3,-7.1,11.3,64.3,64.3,1.0,0.0,28.6,"{'made': 4, 'attempted': 7, 'pct': 57.1}","{'made': 3, 'attempted': 5, 'pct': 60}","{'made': 1, 'attempted': 2, 'pct': 50}","{'made': 0, 'attempted': 0, 'pct': 0}","{'offensive': 2, 'defensive': 5, 'total': 7}"
372521,NCAA Men's Basketball Championship - West Region - 1st Round,Hawai'i,Isaac Finlinson,5069855,5105472,F,True,False,31,12,1,2,2,0,0,8.9,143.0,133.6,9.4,13.3,71.4,76.1,2.0,28.6,0.0,"{'made': 4, 'attempted': 7, 'pct': 57.1}","{'made': 2, 'attempted': 4, 'pct': 50}","{'made': 2, 'attempted': 3, 'pct': 66.7}","{'made': 2, 'attempted': 2, 'pct': 100}","{'offensive': 0, 'defensive': 2, 'total': 2}"
372521,NCAA Men's Basketball Championship - West Region - 1st Round,Hawai'i,Isaac Johnson,5069856,4898118,C,True,False,24,15,1,4,0,1,0,9.4,115.4,128.1,-12.7,27.2,57.7,57.7,0.0,0.0,60.0,"{'made': 6, 'attempted': 13, 'pct': 46.2}","{'made': 3, 'attempted': 6, 'pct': 50}","{'made': 3, 'attempted': 7, 'pct': 42.9}","{'made': 0, 'attempted': 0, 'pct': 0}","{'offensive': 3, 'defensive': 2, 'total': 5}"
372521,NCAA Men's Basketball Championship - West Region - 1st Round,Hawai'i,Dre Bullock,5069857,5106877,G,True,False,36,21,3,1,1,3,1,11.8,84.4,119.1,-34.7,35.8,43.2,42.6,0.3,27.3,25.0,"{'made': 9, 'attempted': 22, 'pct': 40.9}","{'made': 8, 'attempted': 15, 'pct': 53.3}","{'made': 1, 'attempted': 7, 'pct': 14.3}","{'made': 2, 'attempted': 6, 'pct': 33.3}","{'offensive': 2, 'defensive': 6, 'total': 8}"
372521,NCAA Men's Basketball Championship - West Region - 1st Round,Hawai'i,Hunter Erickson,5069858,4701217,G,True,False,26,5,3,1,6,0,0,2.7,85.7,134.6,-48.9,16.1,41.7,41.7,2.0,0.0,0.0,"{'made': 2, 'attempted': 6, 'pct': 33.3}","{'made': 1, 'attempted': 1, 'pct': 100}","{'made': 1, 'attempted': 5, 'pct': 20}","{'made': 0, 'attempted': 0, 'pct': 0}","{'offensive': 0, 'defensive': 1, 'total': 1}"
372521,NCAA Men's Basketball Championship - West Region - 1st Round,Hawai'i,Gytis Nemeiksa,5069859,5175369,F,False,False,21,5,1,2,0,1,0,3.2,103.7,128.8,-25.1,11.1,62.5,62.5,0.0,0.0,50.0,"{'made': 2, 'attempted': 4, 'pct': 50}","{'made': 1, 'attempted': 2, 'pct': 50}","{'made': 1, 'attempted': 2, 'pct': 50}","{'made': 0, 'attempted': 0, 'pct': 0}","{'offensive': 1, 'defensive': 1, 'total': 2}"
372521,NCAA Men's Basketball Championship - West Region - 1st Round,Hawai'i,Yacine Toumi,5069861,4702598,F,False,False,3,0,0,0,0,0,0,0.0,,,,,,,,,,"{'made': 0, 'attempted': 0, 'pct': 0}","{'made': 0, 'attempted': 0, 'pct': 0}","{'made': 0, 'attempted': 0, 'pct': 0}","{'made': 0, 'attempted': 0, 'pct': 0}","{'offensive': 0, 'defensive': 0, 'total': 0}"
372521,NCAA Men's Basketball Championship - West Region - 1st Round,Hawai'i,Hunter Carter,5069862,5254318,G,False,False,1,0,0,0,0,0,0,0.0,,,,,,,,,,"{'made': 0, 'attempted': 0, 'pct': 0}","{'made': 0, 'attempted': 0, 'pct': 0}","{'made': 0, 'attempted': 0, 'pct': 0}","{'made': 0, 'attempted': 0, 'pct': 0}","{'offensive': 0, 'defensive': 0, 'total': 0}"
372521,NCAA Men's Basketball Championship - West Region - 1st Round,Hawai'i,AJ Economou,5069864,5241895,G,False,False,1,0,0,0,0,0,0,0.0,,,,,,,,,,"{'made': 0, 'attempted': 0, 'pct': 0}","{'made': 0, 'attempted': 0, 'pct': 0}","{'made': 0, 'attempted': 0, 'pct': 0}","{'made': 0, 'attempted': 0, 'pct': 0}","{'offensive': 0, 'defensive': 0, 'total': 0}"
372521,NCAA Men's Basketball Championship - West Region - 1st Round,Hawai'i,Isaiah Kerr,5069866,5107841,G,False,False,25,11,1,2,5,0,1,8.6,115.0,132.7,-17.7,23.0,45.0,48.6,5.0,30.0,50.0,"{'made': 4, 'attempted': 10, 'pct': 40}","{'made': 3, 'attempted': 6, 'pct': 50}","{'made': 1, 'attempted': 4, 'pct': 25}","{'made': 2, 'attempted': 3, 'pct': 66.7}","{'offensive': 1, 'defensive': 1, 'total': 2}"
372519,NCAA Men's Basketball Championship - East Region - 1st Round,Michigan State,Jordan Scott,5069896,5196931,F,True,False,24,6,0,1,2,1,0,6.2,128.4,94.3,34.1,11.0,60.0,60.0,,0.0,0.0,"{'made': 2, 'attempted': 5, 'pct': 40}","{'made': 0, 'attempted': 2, 'pct': 0}","{'made': 2, 'attempted': 3, 'pct': 66.7}","{'made': 0, 'attempted': 0, 'pct': 0}","{'offensive': 0, 'defensive': 3, 'total': 3}"
372519,NCAA Men's Basketball Championship - East Region - 1st Round,Michigan State,Jaxon Kohler,5069897,5105815,F,True,False,26,12,2,3,2,1,0,9.2,103.6,91.0,12.6,24.1,61.1,60.7,1.0,22.2,11.1,"{'made': 4, 'attempted': 9, 'pct': 44.4}","{'made': 1, 'attempted': 3, 'pct': 33.3}","{'made': 3, 'attempted': 6, 'pct': 50}","{'made': 1, 'attempted': 2, 'pct': 50}","{'offensive': 1, 'defensive': 8, 'total': 9}"
372519,NCAA Men's Basketball Championship - East Region - 1st Round,Michigan State,Coen Carr,5069898,4872740,F,True,False,28,17,3,0,2,1,1,15.9,133.9,93.0,40.9,24.0,81.3,87.1,0.7,50.0,50.0,"{'made': 6, 'attempted': 8, 'pct': 75}","{'made': 5, 'attempted': 6, 'pct': 83.3}","{'made': 1, 'attempted': 2, 'pct': 50}","{'made': 4, 'attempted': 4, 'pct': 100}","{'offensive': 2, 'defensive': 2, 'total': 4}"
372519,NCAA Men's Basketball Championship - East Region - 1st Round,Michigan State,Carson Cooper,5069899,5105817,C,True,False,30,20,1,3,3,0,1,20.1,164.1,92.3,71.8,22.2,77.8,85.9,3.0,66.7,0.0,"{'made': 7, 'attempted': 9, 'pct': 77.8}","{'made': 7, 'attempted': 9, 'pct': 77.8}","{'made': 0, 'attempted': 0, 'pct': 0}","{'made': 6, 'attempted': 6, 'pct': 100}","{'offensive': 0, 'defensive': 10, 'total': 10}"
372519,NCAA Men's Basketball Championship - East Region - 1st Round,Michigan State,Jeremy Fears Jr.,5069900,4711255,G,True,False,32,7,4,1,11,0,0,7.5,109.6,100.5,9.1,17.9,41.7,50.9,2.8,33.3,0.0,"{'made': 2, 'attempted': 6, 'pct': 33.3}","{'made': 1, 'attempted': 4, 'pct': 25}","{'made': 1, 'attempted': 2, 'pct': 50}","{'made': 2, 'attempted': 2, 'pct': 100}","{'offensive': 0, 'defensive': 2, 'total': 2}"
372519,NCAA Men's Basketball Championship - East Region - 1st Round,Michigan State,Colin Walton,5069901,5239564,F,False,False,1,0,0,0,0,0,0,0.0,,,,,,,,,,"{'made': 0, 'attempted': 0, 'pct': 0}","{'made': 0, 'attempted': 0, 'pct': 0}","{'made': 0, 'attempted': 0, 'pct': 0}","{'made': 0, 'attempted': 0, 'pct': 0}","{'offensive': 0, 'defensive': 0, 'total': 0}"
372519,NCAA Men's Basketball Championship - East Region - 1st Round,Michigan State,Brennan Walton,5069902,5239563,F,False,False,1,0,0,0,0,0,0,0.3,,,,,,,,,0.0,"{'made': 0, 'attempted': 0, 'pct': 0}","{'made': 0, 'attempted': 0, 'pct': 0}","{'made': 0, 'attempted': 0, 'pct': 0}","{'made': 0, 'attempted': 0, 'pct': 0}","{'offensive': 0, 'defensive': 1, 'total': 1}"
372519,NCAA Men's Basketball Championship - East Region - 1st Round,Michigan State,Jesse McCulloch,5069903,5239562,F,False,False,3,3,0,0,0,0,1,3.4,,,,,150.0,150.0,,0.0,,"{'made': 1, 'attempted': 1, 'pct': 100}","{'made': 0, 'attempted': 0, 'pct': 0}","{'made': 1, 'attempted': 1, 'pct': 100}","{'made': 0, 'attempted': 0, 'pct': 0}","{'offensive': 0, 'defensive': 0, 'total': 0}"
372519,NCAA Men's Basketball Championship - East Region - 1st Round,Michigan State,Cam Ward,5069904,5101798,F,False,False,16,13,0,3,0,1,2,12.3,180.3,80.5,99.8,22.7,100.0,94.5,,33.3,0.0,"{'made': 6, 'attempted': 6, 'pct': 100}","{'made': 6, 'attempted': 6, 'pct': 100}","{'made': 0, 'attempted': 0, 'pct': 0}","{'made': 1, 'attempted': 2, 'pct': 50}","{'offensive': 0, 'defensive': 1, 'total': 1}"
372519,NCAA Men's Basketball Championship - East Region - 1st Round,Michigan State,Nick Sanders,5069905,5105818,G,False,False,1,0,0,0,1,0,0,0.7,,,,,,,,,,"{'made': 0, 'attempted': 0, 'pct': 0}","{'made': 0, 'attempted': 0, 'pct': 0}","{'made': 0, 'attempted': 0, 'pct': 0}","{'made': 0, 'attempted': 0, 'pct': 0}","{'offensive': 0, 'defensive': 0, 'total': 0}"
372519,NCAA Men's Basketball Championship - East Region - 1st Round,Michigan State,Kur Teng,5069906,4873111,G,False,False,18,3,1,3,2,0,0,-0.6,71.0,99.6,-28.6,17.6,30.0,30.0,2.0,0.0,0.0,"{'made': 1, 'attempted': 5, 'pct': 20}","{'made': 0, 'attempted': 2, 'pct': 0}","{'made': 1, 'attempted': 3, 'pct': 33.3}","{'made': 0, 'attempted': 0, 'pct': 0}","{'offensive': 0, 'defensive': 1, 'total': 1}"
372519,NCAA Men's Basketball Championship - East Region - 1st Round,Michigan State,Trey Fort,5069907,4703411,G,False,False,12,7,1,0,2,1,1,7.0,113.9,81.3,32.6,30.2,50.0,59.5,2.0,40.0,0.0,"{'made': 2, 'attempted': 5, 'pct': 40}","{'made': 1, 'attempted': 2, 'pct': 50}","{'made': 1, 'attempted': 3, 'pct': 33.3}","{'made': 2, 'attempted': 2, 'pct': 100}","{'offensive': 0, 'defensive': 2, 'total': 2}"
372519,NCAA Men's Basketball Championship - East Region - 1st Round,Michigan State,Denham Wojcik,5069908,4610138,G,False,False,8,4,0,0,1,0,0,4.4,207.5,99.6,107.9,13.2,100.0,100.0,,0.0,0.0,"{'made': 2, 'attempted': 2, 'pct': 100}","{'made': 2, 'attempted': 2, 'pct': 100}","{'made': 0, 'attempted': 0, 'pct': 0}","{'made': 0, 'attempted': 0, 'pct': 0}","{'offensive': 0, 'defensive': 1, 'total': 1}"
372519,NCAA Men's Basketball Championship - East Region - 1st Round,North Dakota State,Treyson Anderson,5069882,5241642,F,True,False,19,10,2,3,2,1,0,3.2,77.7,125.5,-47.8,37.5,44.4,43.0,1.0,66.7,0.0,"{'made': 4, 'attempted': 9, 'pct': 44.4}","{'made': 4, 'attempted': 6, 'pct': 66.7}","{'made': 0, 'attempted': 3, 'pct': 0}","{'made': 2, 'attempted': 6, 'pct': 33.3}","{'offensive': 0, 'defensive': 1, 'total': 1}"
372519,NCAA Men's Basketball Championship - East Region - 1st Round,North Dakota State,Trevian Carson,5069883,5314778,G,True,False,34,11,1,1,6,0,0,10.2,106.5,129.8,-23.3,18.5,50.0,50.0,6.0,0.0,0.0,"{'made': 5, 'attempted': 11, 'pct': 45.5}","{'made': 4, 'attempted': 7, 'pct': 57.1}","{'made': 1, 'attempted': 4, 'pct': 25}","{'made': 0, 'attempted': 0, 'pct': 0}","{'offensive': 0, 'defensive': 7, 'total': 7}"
372519,NCAA Men's Basketball Championship - East Region - 1st Round,North Dakota State,Andy Stefonowicz,5069884,5241640,G,True,False,35,6,5,1,1,2,0,-0.5,46.8,125.0,-78.2,19.4,37.5,37.5,0.2,0.0,0.0,"{'made': 3, 'attempted': 8, 'pct': 37.5}","{'made': 3, 'attempted': 4, 'pct': 75}","{'made': 0, 'attempted': 4, 'pct': 0}","{'made': 0, 'attempted': 0, 'pct': 0}","{'offensive': 0, 'defensive': 2, 'total': 2}"
372519,NCAA Men's Basketball Championship - East Region - 1st Round,North Dakota State,Damari Wheeler-Thomas,5069885,5107273,G,True,False,30,16,2,4,2,0,0,9.0,110.0,131.4,-21.4,25.7,54.5,62.7,1.0,36.4,0.0,"{'made': 5, 'attempted': 11, 'pct': 45.5}","{'made': 3, 'attempted': 5, 'pct': 60}","{'made': 2, 'attempted': 6, 'pct': 33.3}","{'made': 4, 'attempted': 4, 'pct': 100}","{'offensive': 0, 'defensive': 3, 'total': 3}"
372519,NCAA Men's Basketball Championship - East Region - 1st Round,North Dakota State,Markhi Strickland,5069886,4432494,G,True,False,16,6,0,3,1,0,0,2.8,102.3,132.0,-29.7,19.6,50.0,50.0,,0.0,0.0,"{'made': 3, 'attempted': 6, 'pct': 50}","{'made': 3, 'attempted': 6, 'pct': 50}","{'made': 0, 'attempted': 0, 'pct': 0}","{'made': 0, 'attempted': 0, 'pct': 0}","{'offensive': 0, 'defensive': 1, 'total': 1}"
372519,NCAA Men's Basketball Championship - East Region - 1st Round,North Dakota State,Caleb Schoenrock,5069887,5314782,F,False,False,1,0,0,0,0,0,0,0.0,,,,,,,,,,"{'made': 0, 'attempted': 0, 'pct': 0}","{'made': 0, 'attempted': 0, 'pct': 0}","{'made': 0, 'attempted': 0, 'pct': 0}","{'made': 0, 'attempted': 0, 'pct': 0}","{'offensive': 0, 'defensive': 0, 'total': 0}"
372519,NCAA Men's Basketball Championship - East Region - 1st Round,North Dakota State,Noah Feddersen,5069888,5107278,F,False,False,20,7,1,2,1,1,1,6.8,145.2,121.5,23.7,13.3,100.0,85.8,1.0,700.0,0.0,"{'made': 1, 'attempted': 1, 'pct': 100}","{'made': 1, 'attempted': 1, 'pct': 100}","{'made': 0, 'attempted': 0, 'pct': 0}","{'made': 5, 'attempted': 7, 'pct': 71.4}","{'offensive': 0, 'defensive': 1, 'total': 1}"
372519,NCAA Men's Basketball Championship - East Region - 1st Round,North Dakota State,Riley Saunders,5069889,5314780,G,False,False,2,0,0,0,0,0,0,-0.7,,,,,0.0,0.0,,0.0,,"{'made': 0, 'attempted': 1, 'pct': 0}","{'made': 0, 'attempted': 0, 'pct': 0}","{'made': 0, 'attempted': 1, 'pct': 0}","{'made': 0, 'attempted': 0, 'pct': 0}","{'offensive': 0, 'defensive': 0, 'total': 0}"
372519,NCAA Men's Basketball Championship - East Region - 1st Round,North Dakota State,Riley Massey,5069890,5314779,G,False,False,9,0,1,0,0,1,0,-1.4,0.0,119.1,-119.1,17.4,0.0,0.0,0.0,0.0,,"{'made': 0, 'attempted': 2, 'pct': 0}","{'made': 0, 'attempted': 0, 'pct': 0}","{'made': 0, 'attempted': 2, 'pct': 0}","{'made': 0, 'attempted': 0, 'pct': 0}","{'offensive': 0, 'defensive': 0, 'total': 0}"
372519,NCAA Men's Basketball Championship - East Region - 1st Round,North Dakota State,Carson Smith,5069891,5241641,G,False,False,1,0,0,0,0,0,0,0.0,,,,,,,,,,"{'made': 0, 'attempted': 0, 'pct': 0}","{'made': 0, 'attempted': 0, 'pct': 0}","{'made': 0, 'attempted': 0, 'pct': 0}","{'made': 0, 'attempted': 0, 'pct': 0}","{'offensive': 0, 'defensive': 0, 'total': 0}"
372519,NCAA Men's Basketball Championship - East Region - 1st Round,North Dakota State,Max Majerle,5069892,5108047,G,False,False,1,0,0,0,0,0,0,-0.7,,,,,0.0,0.0,,0.0,,"{'made': 0, 'attempted': 1, 'pct': 0}","{'made': 0, 'attempted': 1, 'pct': 0}","{'made': 0, 'attempted': 0, 'pct': 0}","{'made': 0, 'attempted': 0, 'pct': 0}","{'offensive': 0, 'defensive': 0, 'total': 0}"
372519,NCAA Men's Basketball Championship - East Region - 1st Round,North Dakota State,Emil Skytta,5069893,5108046,G,False,False,14,5,0,2,0,0,0,3.8,153.7,129.6,24.1,11.2,83.3,83.3,,0.0,0.0,"{'made': 2, 'attempted': 3, 'pct': 66.7}","{'made': 1, 'attempted': 2, 'pct': 50}","{'made': 1, 'attempted': 1, 'pct': 100}","{'made': 0, 'attempted': 0, 'pct': 0}","{'offensive': 0, 'defensive': 3, 'total': 3}"
372519,NCAA Men's Basketball Championship - East Region - 1st Round,North Dakota State,Tay Smith,5069894,4901166,G,False,False,18,6,0,1,0,1,0,5.3,142.9,126.1,16.8,11.6,75.0,75.0,,0.0,100.0,"{'made': 2, 'attempted': 4, 'pct': 50}","{'made': 0, 'attempted': 0, 'pct': 0}","{'made': 2, 'attempted': 4, 'pct': 50}","{'made': 0, 'attempted': 0, 'pct': 0}","{'offensive': 1, 'defensive': 0, 'total': 1}"
